"","V1","player","position","AVG","BABIP","BB%","BsR","Def","G","HR","ISO","K%","OBP","Off","PA","R","RBI","SB","SLG","WAR","team","wOBA","wRC+","year","league","league_year_ID","W-L%","popular","NYY","BOS","CHC","LAD","team_year_id","won_WS_PY","lost_WS_PY","played_WS_PY","rank_WAR","rank_wRC","rank_OBP","rank_SLG","rank_HR","rank_AVG","rank_Off","rank_Def","rank_SB","team_rank_WAR","team_rank_wRC","team_rank_OBP","team_rank_SLG","team_rank_HR","team_rank_AVG","team_rank_Off","team_rank_Def","team_rank_SB"
"1",1,"Mike Trout","OF",0.31,0.345,19.6,3.3,3,97,25,0.296,19.4,0.454,46.8,428,71,50,15,0.606,6.6,"Angels",0.438,185,2018,"AL","2018-AL",0.505,0,0,0,0,0,"2018-Angels",0,0,0,2,2,1,2,1,3,1,7,6,1,1,1,1,1,2,1,4,1
"2",120,"Ian Kinsler","2B",0.219,0.214,6.8,-0.8,9.8,82,11,0.148,9.6,0.28,-9.7,354,37,26,8,0.367,1.2,"Angels",0.283,79,2018,"AL","2018-AL",0.505,0,0,0,0,0,"2018-Angels",0,0,0,9,15,15,15,5,16,15,1,4,4,7,7,5,4,6,7,2,2
"3",7,"Andrelton Simmons","SS",0.313,0.314,7.8,0.3,15.5,86,6,0.13,4.5,0.371,11.6,357,46,41,6,0.443,4,"Angels",0.352,126,2018,"AL","2018-AL",0.505,0,0,0,0,0,"2018-Angels",0,0,0,2,5,2,7,10,3,5,1,8,2,2,2,3,7,1,2,1,3
"4",69,"Justin Upton","OF",0.251,0.306,11.6,0.4,-4.8,94,19,0.193,27.5,0.344,9.5,404,50,54,5,0.444,1.9,"Angels",0.341,119,2018,"AL","2018-AL",0.505,0,0,0,0,0,"2018-Angels",0,0,0,13,13,15,18,8,22,11,32,21,3,3,3,2,2,3,3,8,4
"5",251,"Kole Calhoun","OF",0.187,0.206,6.5,-0.2,-1.7,75,9,0.132,22.6,0.237,-16.5,279,31,26,4,0.319,-0.9,"Angels",0.242,51,2018,"AL","2018-AL",0.505,0,0,0,0,0,"2018-Angels",0,0,0,41,41,41,38,29,41,41,19,24,9,9,9,9,6,9,9,6,5
"6",249,"Luis Valbuena","3B",0.204,0.276,5.6,-0.7,-2.9,86,9,0.14,34,0.25,-13.1,268,21,30,2,0.344,-0.7,"Angels",0.257,61,2018,"AL","2018-AL",0.505,0,0,0,0,0,"2018-Angels",0,0,0,21,21,21,21,14,21,20,16,10,8,8,8,8,5,8,8,7,6
"7",151,"Martin Maldonado","C",0.234,0.3,4.7,-1.1,6.5,74,5,0.115,24.5,0.297,-7.3,277,24,32,0,0.349,0.9,"Angels",0.286,81,2018,"AL","2018-AL",0.505,0,0,0,0,0,"2018-Angels",0,0,0,4,6,5,8,10,5,7,3,6,5,6,4,7,9,5,6,3,7
"8",194,"Zack Cozart","3B",0.219,0.244,7.5,0.6,-0.6,58,5,0.143,16.6,0.296,-4.4,253,29,18,0,0.362,0.3,"Angels",0.289,84,2018,"AL","2018-AL",0.505,0,0,0,0,0,"2018-Angels",0,0,0,17,18,17,18,17,20,16,12,19,6,5,5,6,8,7,5,5,8
"9",210,"Albert Pujols","DH",0.251,0.254,4.9,-2.3,-6.9,86,16,0.182,14.1,0.291,-3.8,368,36,52,0,0.432,0.2,"Angels",0.309,97,2018,"AL","2018-AL",0.505,0,0,0,0,0,"2018-Angels",0,0,0,5,9,10,9,6,6,9,2,8,7,4,6,4,3,4,4,9,9
"10",8,"Jose Altuve","2B",0.332,0.366,9,4.1,-1.4,99,9,0.139,12.2,0.394,25.9,434,63,44,14,0.47,4,"Astros",0.374,142,2018,"AL","2018-AL",0.646,0,0,0,0,0,"2018-Astros",1,0,1,1,1,1,3,7,1,1,14,2,2,2,1,4,5,1,2,3,1
"11",4,"Alex Bregman","3B",0.288,0.291,12.9,1.8,-0.4,96,20,0.251,12.2,0.389,31.7,434,67,64,8,0.539,4.7,"Astros",0.397,158,2018,"AL","2018-AL",0.646,0,0,0,0,0,"2018-Astros",1,0,1,2,2,2,2,2,4,2,11,3,1,1,2,1,1,3,1,2,2
"12",85,"George Springer","OF",0.249,0.276,10.2,-0.4,-3.4,96,15,0.167,18.3,0.333,5,431,65,46,6,0.415,1.6,"Astros",0.328,110,2018,"AL","2018-AL",0.646,0,0,0,0,0,"2018-Astros",1,0,1,14,19,17,24,14,24,16,26,16,4,6,5,6,3,6,4,6,3
"13",148,"Josh Reddick","OF",0.258,0.279,10,0.2,-2.7,76,9,0.149,15.8,0.331,2.2,279,40,29,5,0.407,0.9,"Astros",0.321,106,2018,"AL","2018-AL",0.646,0,0,0,0,0,"2018-Astros",1,0,1,24,23,20,25,27,18,22,21,19,6,7,6,7,6,5,7,5,4
"14",136,"Yuli Gurriel","1B",0.31,0.327,4.2,-2,-5.5,78,6,0.134,10.1,0.34,4.7,335,43,52,3,0.444,1.1,"Astros",0.337,117,2018,"AL","2018-AL",0.646,0,0,0,0,0,"2018-Astros",1,0,1,5,4,4,4,11,1,4,10,1,5,4,4,5,7,2,5,7,5
"15",51,"Carlos Correa","SS",0.268,0.317,11.7,-0.1,0.2,73,13,0.212,24.4,0.352,10.3,315,46,49,2,0.48,2.2,"Astros",0.353,128,2018,"AL","2018-AL",0.646,0,0,0,0,0,"2018-Astros",1,0,1,7,4,6,4,5,6,6,12,11,3,3,3,3,4,4,3,1,6
"16",209,"Marwin Gonzalez","1B",0.23,0.292,9.6,-1.6,-1.5,89,6,0.125,23.9,0.305,-8,335,29,37,2,0.355,0.2,"Astros",0.289,84,2018,"AL","2018-AL",0.646,0,0,0,0,0,"2018-Astros",1,0,1,10,11,10,12,12,11,12,3,3,8,8,7,8,8,8,8,4,7
"17",181,"Evan Gattis","DH",0.239,0.248,7.2,-1.9,-8.4,86,19,0.249,22.8,0.297,2.9,320,38,63,1,0.488,0.5,"Astros",0.33,112,2018,"AL","2018-AL",0.646,0,0,0,0,0,"2018-Astros",1,0,1,4,4,9,3,4,9,4,7,5,7,5,8,2,2,7,6,8,8
"18",70,"Marcus Semien","SS",0.254,0.3,7.5,1.2,9.5,94,7,0.115,18.9,0.307,-5.7,428,51,33,10,0.369,1.8,"Athletics",0.295,87,2018,"AL","2018-AL",0.567,0,0,0,0,0,"2018-Athletics",0,0,0,8,9,8,11,9,10,11,4,5,4,9,9,8,8,5,9,1,1
"19",74,"Matt Olson","1B",0.235,0.273,10.1,-1.3,-0.3,97,19,0.209,25.2,0.325,4.3,397,50,47,2,0.444,1.8,"Athletics",0.332,112,2018,"AL","2018-AL",0.567,0,0,0,0,0,"2018-Athletics",0,0,0,1,5,6,5,1,9,5,2,2,3,7,6,6,2,9,7,7,2
"20",37,"Matt Chapman","3B",0.25,0.308,10.6,1.1,7,81,10,0.184,23.6,0.342,7.5,330,48,29,1,0.434,2.6,"Athletics",0.338,116,2018,"AL","2018-AL",0.567,0,0,0,0,0,"2018-Athletics",0,0,0,3,6,6,8,12,13,5,1,11,2,5,2,7,7,6,3,2,3
"21",115,"Stephen Piscotty","OF",0.264,0.3,7,-0.7,-4.1,88,12,0.193,20.1,0.326,5.3,344,43,46,1,0.457,1.3,"Athletics",0.336,115,2018,"AL","2018-AL",0.567,0,0,0,0,0,"2018-Athletics",0,0,0,18,16,22,16,18,16,15,31,35,6,6,5,5,5,2,5,9,4
"22",193,"Jonathan Lucroy","C",0.241,0.283,6.9,-2.2,6.7,73,1,0.071,15.2,0.297,-12.4,277,23,27,0,0.312,0.4,"Athletics",0.27,69,2018,"AL","2018-AL",0.567,0,0,0,0,0,"2018-Athletics",0,0,0,7,10,6,10,12,3,9,2,5,9,10,10,10,10,8,10,3,5
"23",13,"Jed Lowrie","2B",0.285,0.325,9.9,0.1,4.2,94,16,0.207,19.7,0.357,16.6,406,43,62,0,0.492,3.5,"Athletics",0.364,134,2018,"AL","2018-AL",0.567,0,0,0,0,0,"2018-Athletics",0,0,0,2,3,5,2,1,5,2,2,16,1,1,1,2,3,1,1,4,6
"24",109,"Chad Pinder","OF",0.26,0.325,7.8,0.1,0.9,65,10,0.204,27.6,0.332,4.9,217,29,22,0,0.464,1.3,"Athletics",0.342,119,2018,"AL","2018-AL",0.567,0,0,0,0,0,"2018-Athletics",0,0,0,17,14,18,15,22,17,17,13,38,7,4,4,4,6,4,6,5,7
"25",90,"Mark Canha","1B",0.261,0.304,9.1,-0.4,-0.1,75,12,0.204,22.9,0.338,6,275,39,38,0,0.465,1.5,"Athletics",0.343,119,2018,"AL","2018-AL",0.567,0,0,0,0,0,"2018-Athletics",0,0,0,2,3,5,3,4,5,3,1,8,5,3,3,3,4,3,4,6,8
"26",220,"Matt Joyce","OF",0.203,0.235,13.3,-0.3,-3,63,7,0.156,22.6,0.311,-3.7,226,30,13,0,0.359,0.1,"Athletics",0.296,88,2018,"AL","2018-AL",0.567,0,0,0,0,0,"2018-Athletics",0,0,0,33,30,27,33,33,39,31,23,39,10,8,8,9,9,10,8,8,9
"27",138,"Khris Davis","OF",0.248,0.286,8.3,-2.8,-10.5,87,21,0.255,26.8,0.324,8.2,373,51,64,0,0.503,1,"Athletics",0.351,125,2018,"AL","2018-AL",0.567,0,0,0,0,0,"2018-Athletics",0,0,0,21,11,23,9,6,25,12,40,41,8,2,7,1,1,7,2,10,10
"28",126,"Kevin Pillar","OF",0.247,0.28,3.8,3.8,2.9,93,8,0.16,18,0.279,-3.7,366,42,37,11,0.407,1.2,"Blue Jays",0.293,83,2018,"AL","2018-AL",0.453,0,0,0,0,0,"2018-Blue Jays",0,0,0,19,33,37,27,30,26,30,8,8,2,8,8,7,7,2,6,1,1
"29",199,"Randal Grichuk","OF",0.206,0.226,6.8,0.5,-1.6,63,11,0.221,25.9,0.273,-2.7,220,28,28,3,0.427,0.3,"Blue Jays",0.3,88,2018,"AL","2018-AL",0.453,0,0,0,0,0,"2018-Blue Jays",0,0,0,31,29,38,21,20,38,28,18,27,4,6,10,4,5,9,5,4,2
"30",170,"Teoscar Hernandez","OF",0.257,0.309,6.1,-1.2,-10.7,76,15,0.253,26.2,0.308,6.3,328,41,39,3,0.51,0.7,"Blue Jays",0.346,119,2018,"AL","2018-AL",0.453,0,0,0,0,0,"2018-Blue Jays",0,0,0,27,15,28,7,12,19,14,41,31,3,2,5,1,3,1,2,10,3
"31",228,"Kendrys Morales","DH",0.246,0.28,10.2,-2.6,-7.2,75,11,0.191,22.6,0.32,-2.3,266,27,30,2,0.436,-0.1,"Blue Jays",0.319,101,2018,"AL","2018-AL",0.453,0,0,0,0,0,"2018-Blue Jays",0,0,0,10,8,5,8,9,8,8,4,1,10,4,4,3,4,3,4,8,4
"32",215,"Aledmys Diaz","SS",0.24,0.25,4.1,-2.2,1.5,70,8,0.153,14,0.277,-8.2,242,31,23,1,0.393,0.1,"Blue Jays",0.287,79,2018,"AL","2018-AL",0.453,0,0,0,0,0,"2018-Blue Jays",0,0,0,12,11,12,9,7,12,12,11,13,7,10,9,8,8,7,9,3,5
"33",229,"Devon Travis","2B",0.242,0.278,4.9,-0.2,-3.8,59,6,0.147,19.6,0.294,-3.8,204,21,23,1,0.389,-0.1,"Blue Jays",0.296,85,2018,"AL","2018-AL",0.453,0,0,0,0,0,"2018-Blue Jays",0,0,0,16,12,14,11,12,10,12,16,15,8,7,7,9,9,5,7,5,6
"34",230,"Yangervis Solarte","3B",0.241,0.245,7.1,-5.4,-5.9,92,16,0.181,14.4,0.297,-8.2,397,43,48,1,0.422,-0.1,"Blue Jays",0.309,94,2018,"AL","2018-AL",0.453,0,0,0,0,0,"2018-Blue Jays",0,0,0,18,12,16,12,5,15,19,19,16,9,5,6,6,2,6,8,6,7
"35",195,"Curtis Granderson","OF",0.233,0.316,13,-2.1,-7.3,78,9,0.193,29.9,0.342,2,261,32,28,1,0.426,0.3,"Blue Jays",0.337,113,2018,"AL","2018-AL",0.453,0,0,0,0,0,"2018-Blue Jays",0,0,0,30,17,16,22,26,29,23,36,36,5,3,2,5,6,8,3,9,8
"36",219,"Russell Martin","C",0.179,0.22,16.6,-3.1,2,63,6,0.106,23.7,0.328,-9.4,253,24,17,0,0.285,0.1,"Blue Jays",0.288,79,2018,"AL","2018-AL",0.453,0,0,0,0,0,"2018-Blue Jays",0,0,0,10,8,2,12,9,12,8,11,11,6,9,3,10,10,10,10,2,9
"37",100,"Justin Smoak","1B",0.245,0.292,15.2,-4.7,-7,88,16,0.235,24.7,0.364,8.7,368,43,52,0,0.48,1.4,"Blue Jays",0.362,130,2018,"AL","2018-AL",0.453,0,0,0,0,0,"2018-Blue Jays",0,0,0,3,1,1,2,2,8,1,12,13,1,1,1,2,1,4,1,7,10
"38",118,"Ender Inciarte","OF",0.241,0.269,8.1,5.1,5.9,91,6,0.096,13.6,0.312,-6.4,405,52,34,23,0.337,1.3,"Braves",0.288,77,2018,"NL","2018-NL",0.553,0,0,0,0,0,"2018-Braves",0,0,0,24,46,41,45,39,39,45,3,3,7,7,6,7,7,7,7,2,1
"39",16,"Ozzie Albies","SS",0.281,0.297,4.4,3.2,5.7,93,20,0.235,16.4,0.318,13.6,432,74,55,9,0.516,3.4,"Braves",0.353,120,2018,"NL","2018-NL",0.553,0,0,0,0,0,"2018-Braves",0,0,0,1,4,10,3,2,6,2,5,5,2,3,5,2,1,3,3,3,2
"40",10,"Freddie Freeman","1B",0.315,0.364,12.6,0.7,-2.6,94,16,0.218,18.8,0.405,25.4,420,59,61,6,0.533,3.7,"Braves",0.395,148,2018,"NL","2018-NL",0.553,0,0,0,0,0,"2018-Braves",0,0,0,1,2,2,4,6,1,1,2,2,1,1,1,1,2,2,1,6,3
"41",108,"Dansby Swanson","SS",0.253,0.322,7,1.5,6.9,79,7,0.153,24.2,0.309,-4.1,327,32,35,3,0.407,1.4,"Braves",0.302,86,2018,"NL","2018-NL",0.553,0,0,0,0,0,"2018-Braves",0,0,0,11,13,13,10,11,12,12,2,12,5,6,7,6,6,5,6,1,4
"42",42,"Nick Markakis","OF",0.323,0.344,10,-2.1,-3.8,94,10,0.164,11,0.389,14.6,419,55,61,1,0.488,2.5,"Braves",0.372,133,2018,"NL","2018-NL",0.553,0,0,0,0,0,"2018-Braves",0,0,0,5,5,4,9,25,1,3,36,47,3,2,2,3,3,1,2,7,5
"43",107,"Johan Camargo","3B",0.248,0.279,12.4,-1.7,4.2,72,9,0.174,18.8,0.346,0.5,266,31,39,0,0.422,1.4,"Braves",0.334,107,2018,"NL","2018-NL",0.553,0,0,0,0,0,"2018-Braves",0,0,0,7,8,6,10,11,9,8,3,10,4,5,3,5,4,6,5,4,6
"44",114,"Kurt Suzuki","C",0.269,0.271,6.9,-0.4,2.5,66,8,0.174,10.9,0.336,2.2,247,30,32,0,0.443,1.3,"Braves",0.336,109,2018,"NL","2018-NL",0.553,0,0,0,0,0,"2018-Braves",0,0,0,7,8,6,7,6,6,6,11,11,6,4,4,4,5,4,4,5,7
"45",20,"Lorenzo Cain","OF",0.293,0.342,13.4,3.8,6.1,80,8,0.133,16.8,0.393,15,351,50,27,18,0.427,3.3,"Brewers",0.362,126,2018,"NL","2018-NL",0.561,0,0,0,0,0,"2018-Brewers",0,0,0,1,9,3,29,32,7,2,2,5,1,2,1,4,5,2,2,1,1
"46",161,"Jonathan Villar","2B",0.261,0.355,6.8,-0.2,3.1,87,6,0.117,28.7,0.315,-4.5,279,26,22,14,0.377,0.8,"Brewers",0.304,87,2018,"NL","2018-NL",0.561,0,0,0,0,0,"2018-Brewers",0,0,0,8,7,6,8,9,6,5,3,1,5,5,5,7,7,4,5,3,2
"47",49,"Christian Yelich","OF",0.292,0.363,9.2,3.3,-2.8,82,11,0.167,23.2,0.364,12.9,357,60,43,12,0.459,2.2,"Brewers",0.356,122,2018,"NL","2018-NL",0.561,0,0,0,0,0,"2018-Brewers",0,0,0,7,12,10,19,19,9,5,32,8,3,3,3,3,3,3,3,9,3
"48",196,"Hernan Perez","2B",0.248,0.289,4.7,0.5,2,79,6,0.139,21.1,0.282,-5.5,213,20,22,8,0.386,0.3,"Brewers",0.288,77,2018,"NL","2018-NL",0.561,0,0,0,0,0,"2018-Brewers",0,0,0,9,10,12,6,8,8,9,7,3,7,9,9,6,6,6,8,5,4
"49",213,"Ryan Braun","OF",0.235,0.262,6.7,0.1,-2.2,71,10,0.192,21.6,0.283,-4.6,255,31,35,7,0.427,0.1,"Brewers",0.3,85,2018,"NL","2018-NL",0.561,0,0,0,0,0,"2018-Brewers",0,0,0,46,40,48,30,26,42,39,29,16,9,6,8,5,4,8,6,8,5
"50",252,"Orlando Arcia","SS",0.197,0.253,4.2,0.2,2.5,66,2,0.054,24.1,0.231,-18.5,212,13,15,3,0.251,-1,"Brewers",0.215,28,2018,"NL","2018-NL",0.561,0,0,0,0,0,"2018-Brewers",0,0,0,19,19,19,19,19,19,19,11,14,10,10,10,10,10,10,10,4,6
"51",56,"Travis Shaw","3B",0.245,0.246,12.9,-0.3,1.6,91,18,0.229,16.1,0.342,7,372,45,55,1,0.473,2.1,"Brewers",0.347,116,2018,"NL","2018-NL",0.561,0,0,0,0,0,"2018-Brewers",0,0,0,4,6,7,7,4,11,6,5,5,4,4,4,2,2,7,4,6,7
"52",208,"Domingo Santana","OF",0.249,0.367,8.5,0,0.3,62,3,0.106,32.7,0.313,-5.3,211,15,17,1,0.354,0.2,"Brewers",0.292,79,2018,"NL","2018-NL",0.561,0,0,0,0,0,"2018-Brewers",0,0,0,43,45,39,43,47,33,41,19,43,8,8,6,9,9,5,7,7,8
"53",188,"Manny Pina","C",0.227,0.255,7,-2.5,5.3,59,6,0.149,18.7,0.294,-7.9,214,26,16,0,0.376,0.4,"Brewers",0.292,79,2018,"NL","2018-NL",0.561,0,0,0,0,0,"2018-Brewers",0,0,0,11,12,12,11,10,12,11,5,9,6,7,7,8,8,9,9,2,9
"54",33,"Jesus Aguilar","1B",0.298,0.331,10.4,-2,-4.5,87,24,0.324,26.3,0.373,21.1,316,49,70,0,0.621,2.7,"Brewers",0.413,160,2018,"NL","2018-NL",0.561,0,0,0,0,0,"2018-Brewers",0,0,0,5,1,5,1,1,2,3,8,14,2,1,2,1,1,1,1,10,10
"55",76,"Harrison Bader","OF",0.272,0.367,7.4,3.8,4.9,75,6,0.141,28.4,0.34,5.2,204,31,14,9,0.413,1.7,"Cardinals",0.327,106,2018,"NL","2018-NL",0.511,0,0,0,0,0,"2018-Cardinals",0,0,0,13,30,26,32,38,21,25,4,9,2,5,4,5,10,3,3,3,1
"56",121,"Tommy Pham","OF",0.243,0.299,10.8,1.1,-0.1,87,13,0.153,25.5,0.326,0.7,353,60,35,9,0.396,1.2,"Cardinals",0.316,99,2018,"NL","2018-NL",0.511,0,0,0,0,0,"2018-Cardinals",0,0,0,26,34,33,37,14,36,33,20,11,7,6,5,7,4,8,6,6,2
"57",112,"Kolten Wong","2B",0.213,0.231,6.7,0.2,9.8,87,7,0.148,16.1,0.304,-5.4,267,27,21,3,0.361,1.3,"Cardinals",0.292,83,2018,"NL","2018-NL",0.511,0,0,0,0,0,"2018-Cardinals",0,0,0,4,8,8,9,7,12,8,1,7,6,9,9,9,8,9,9,1,3
"58",255,"Dexter Fowler","OF",0.176,0.201,10.6,1.5,-7,74,7,0.121,22.3,0.27,-12.3,274,32,26,3,0.297,-1.1,"Cardinals",0.256,59,2018,"NL","2018-NL",0.511,0,0,0,0,0,"2018-Cardinals",0,0,0,51,49,50,50,35,50,50,46,32,10,10,10,10,9,10,10,9,4
"59",102,"Yadier Molina","C",0.274,0.269,5.2,-1.5,3.6,64,13,0.2,14.3,0.315,2,251,26,41,2,0.474,1.4,"Cardinals",0.335,111,2018,"NL","2018-NL",0.511,0,0,0,0,0,"2018-Cardinals",0,0,0,6,7,10,2,1,4,7,9,3,5,4,7,3,3,2,5,4,5
"60",152,"Marcell Ozuna","OF",0.268,0.31,5.6,2.7,-1.6,90,10,0.117,19.4,0.309,-2.3,377,38,49,2,0.385,0.8,"Cardinals",0.302,89,2018,"NL","2018-NL",0.511,0,0,0,0,0,"2018-Cardinals",0,0,0,34,37,43,38,27,22,38,25,36,8,8,8,8,5,4,7,7,6
"61",183,"Jedd Gyorko","SS",0.249,0.296,9,-2.2,0.1,77,7,0.163,22.3,0.318,-2.5,233,22,29,1,0.411,0.5,"Cardinals",0.316,99,2018,"NL","2018-NL",0.511,0,0,0,0,0,"2018-Cardinals",0,0,0,15,10,11,8,9,14,11,18,17,9,7,6,6,7,7,8,5,7
"62",80,"Paul DeJong","SS",0.258,0.331,8.8,1.2,5.1,49,8,0.181,27.3,0.341,4.8,205,30,19,0,0.44,1.7,"Cardinals",0.339,114,2018,"NL","2018-NL",0.511,0,0,0,0,0,"2018-Cardinals",0,0,0,9,6,5,6,8,10,7,6,18,3,3,3,4,6,6,4,2,8
"63",27,"Matt Carpenter","1B",0.263,0.305,14.8,0.5,-3.6,89,19,0.266,23.5,0.373,20.1,378,57,43,0,0.53,2.9,"Cardinals",0.381,142,2018,"NL","2018-NL",0.511,0,0,0,0,0,"2018-Cardinals",0,0,0,3,5,6,5,3,8,4,6,13,1,1,1,1,1,5,1,8,9
"64",91,"Jose Martinez","1B",0.297,0.321,9.3,-1.5,-7.6,88,13,0.18,15.5,0.363,11.3,355,35,56,0,0.476,1.5,"Cardinals",0.362,129,2018,"NL","2018-NL",0.511,0,0,0,0,0,"2018-Cardinals",0,0,0,8,8,7,8,11,3,7,14,15,4,2,2,2,2,1,2,10,10
"65",17,"Javier Baez","SS",0.292,0.343,3.8,4.7,2,91,19,0.274,24.9,0.326,19.3,365,61,72,18,0.566,3.4,"Cubs",0.369,133,2018,"NL","2018-NL",0.591,1,0,0,1,0,"2018-Cubs",0,0,0,2,1,9,1,3,3,1,13,2,1,1,10,1,1,2,1,6,1
"66",66,"Addison Russell","SS",0.272,0.335,9.7,2.8,5.1,85,5,0.119,20.2,0.345,3.1,331,44,34,4,0.391,1.9,"Cubs",0.322,101,2018,"NL","2018-NL",0.591,1,0,0,1,0,"2018-Cubs",0,0,0,7,9,3,12,13,8,8,7,9,6,9,7,10,9,7,9,2,2
"67",94,"Ian Happ","OF",0.256,0.398,16.1,0.6,-2.4,82,11,0.197,35.7,0.379,8.4,280,38,26,4,0.453,1.5,"Cubs",0.354,123,2018,"NL","2018-NL",0.591,1,0,0,1,0,"2018-Cubs",0,0,0,20,10,6,23,22,28,17,30,26,9,5,3,4,4,8,4,8,3
"68",184,"Anthony Rizzo","1B",0.246,0.249,9.9,-3,-4.5,83,12,0.161,12.4,0.341,-2.5,372,38,61,4,0.407,0.5,"Cubs",0.322,101,2018,"NL","2018-NL",0.591,1,0,0,1,0,"2018-Cubs",0,0,0,12,12,11,12,12,10,12,9,4,10,10,9,9,3,10,10,10,4
"69",38,"Willson Contreras","C",0.279,0.344,10,-3.2,8,82,7,0.17,20.8,0.369,6.2,341,33,34,3,0.449,2.6,"Cubs",0.355,123,2018,"NL","2018-NL",0.591,1,0,0,1,0,"2018-Cubs",0,0,0,2,4,2,6,7,3,3,1,1,2,4,5,5,6,6,6,1,5
"70",40,"Kyle Schwarber","OF",0.249,0.298,16.5,0.3,2.7,83,18,0.249,27.1,0.375,12,321,45,41,3,0.498,2.6,"Cubs",0.365,130,2018,"NL","2018-NL",0.591,1,0,0,1,0,"2018-Cubs",0,0,0,3,6,7,5,3,32,8,8,30,3,3,4,2,2,9,3,3,6
"71",67,"Ben Zobrist","OF",0.285,0.308,13,0.4,2.3,78,6,0.129,12,0.38,7.1,292,41,36,2,0.414,1.9,"Cubs",0.349,119,2018,"NL","2018-NL",0.591,1,0,0,1,0,"2018-Cubs",0,0,0,11,18,5,31,37,15,21,9,33,5,6,2,8,8,4,5,4,7
"72",62,"Kris Bryant","3B",0.28,0.342,11.1,-0.8,-3.9,70,10,0.202,21.6,0.384,12.7,333,44,40,2,0.482,2,"Cubs",0.37,133,2018,"NL","2018-NL",0.591,1,0,0,1,0,"2018-Cubs",0,0,0,5,3,3,5,7,4,4,14,4,4,2,1,3,5,5,2,9,8
"73",86,"Albert Almora Jr.","OF",0.319,0.372,5.7,-1.1,2.1,86,4,0.12,16.4,0.357,4.2,298,48,28,1,0.438,1.6,"Cubs",0.343,115,2018,"NL","2018-NL",0.591,1,0,0,1,0,"2018-Cubs",0,0,0,18,22,13,24,44,2,28,10,41,7,7,6,6,10,1,8,5,9
"74",83,"Jason Heyward","OF",0.285,0.305,8.2,2.4,0.4,77,6,0.146,11.1,0.344,5.9,305,46,41,0,0.431,1.6,"Cubs",0.335,109,2018,"NL","2018-NL",0.591,1,0,0,1,0,"2018-Cubs",0,0,0,17,29,20,25,36,14,24,18,48,8,8,8,7,7,3,7,7,10
"75",200,"Jarrod Dyson","OF",0.189,0.216,11.4,3.8,6.4,67,2,0.068,14.3,0.282,-11.4,237,29,12,16,0.257,0.3,"Diamondbacks",0.244,47,2018,"NL","2018-NL",0.546,0,0,0,0,0,"2018-Diamondbacks",0,0,0,42,51,49,51,51,48,48,1,6,8,8,8,9,9,9,8,2,1
"76",64,"A.J. Pollock","OF",0.285,0.308,7.2,1.9,0.4,52,12,0.29,20.8,0.348,12.2,207,26,38,9,0.575,2,"Diamondbacks",0.384,141,2018,"NL","2018-NL",0.546,0,0,0,0,0,"2018-Diamondbacks",0,0,0,9,2,18,1,15,13,6,17,10,2,2,3,1,3,1,2,6,2
"77",253,"Chris Owings","2B",0.194,0.256,7.5,-0.1,0.7,80,3,0.091,26.3,0.259,-18.3,255,27,18,7,0.284,-1,"Diamondbacks",0.236,42,2018,"NL","2018-NL",0.546,0,0,0,0,0,"2018-Diamondbacks",0,0,0,13,13,13,13,13,13,13,9,4,9,9,9,8,8,8,9,5,3
"78",23,"Paul Goldschmidt","1B",0.281,0.351,13.4,1.4,-7.2,95,21,0.253,26.4,0.386,24.1,417,61,52,3,0.534,3.1,"Diamondbacks",0.39,144,2018,"NL","2018-NL",0.546,0,0,0,0,0,"2018-Diamondbacks",0,0,0,2,4,3,3,2,7,2,12,6,1,1,1,2,1,3,1,9,4
"79",130,"Nick Ahmed","SS",0.23,0.257,7.1,-1.1,6.6,89,12,0.201,20.5,0.286,-6,337,41,38,2,0.43,1.2,"Diamondbacks",0.305,88,2018,"NL","2018-NL",0.546,0,0,0,0,0,"2018-Diamondbacks",0,0,0,12,12,17,7,5,17,14,3,15,5,6,7,5,4,6,7,1,5
"80",146,"Ketel Marte","2B",0.238,0.252,8.4,-0.7,2.3,92,9,0.182,12.9,0.303,-4.7,356,43,35,2,0.42,0.9,"Diamondbacks",0.31,91,2018,"NL","2018-NL",0.546,0,0,0,0,0,"2018-Diamondbacks",0,0,0,7,5,9,5,4,11,6,6,10,6,5,6,6,6,5,6,3,6
"81",63,"David Peralta","OF",0.282,0.327,7.7,0.1,-3,88,16,0.212,21.4,0.344,10.2,378,43,53,2,0.494,2,"Diamondbacks",0.356,122,2018,"NL","2018-NL",0.546,0,0,0,0,0,"2018-Diamondbacks",0,0,0,8,13,19,7,4,16,11,33,37,3,4,4,3,2,2,3,7,7
"82",189,"Jake Lamb","3B",0.229,0.29,10.9,0.2,1.4,51,6,0.135,26.4,0.314,-4.2,220,30,28,1,0.365,0.4,"Diamondbacks",0.299,84,2018,"NL","2018-NL",0.546,0,0,0,0,0,"2018-Diamondbacks",0,0,0,11,14,11,14,14,13,14,6,6,7,7,5,7,7,7,5,4,8
"83",96,"Daniel Descalso","3B",0.259,0.318,14.4,1.3,-3.8,87,9,0.224,24.9,0.365,9.5,277,32,44,0,0.482,1.5,"Diamondbacks",0.36,124,2018,"NL","2018-NL",0.546,0,0,0,0,0,"2018-Diamondbacks",0,0,0,6,5,4,6,10,7,5,12,13,4,3,2,4,5,4,4,8,9
"84",156,"Yasiel Puig","OF",0.265,0.295,8.3,-0.3,-5.3,76,11,0.198,19.1,0.325,4.4,277,38,35,7,0.462,0.8,"Dodgers",0.336,114,2018,"NL","2018-NL",0.552,1,0,0,0,1,"2018-Dodgers",0,1,1,35,24,35,17,18,23,27,42,18,8,7,7,7,7,3,8,7,1
"85",52,"Cody Bellinger","1B",0.245,0.285,10.8,2.1,-2.8,95,17,0.236,24,0.327,11.2,388,57,44,5,0.481,2.1,"Dodgers",0.344,119,2018,"NL","2018-NL",0.552,1,0,0,0,1,"2018-Dodgers",0,1,1,7,9,12,6,5,11,8,4,3,2,5,6,4,2,7,3,6,2
"86",58,"Chris Taylor","OF",0.253,0.335,8.7,2.1,-2.1,94,11,0.201,27.8,0.332,9.6,392,55,41,4,0.454,2,"Dodgers",0.338,116,2018,"NL","2018-NL",0.552,1,0,0,0,1,"2018-Dodgers",0,1,1,10,21,30,21,20,30,13,28,25,4,6,5,8,8,4,4,4,3
"87",18,"Max Muncy","2B",0.271,0.281,18.6,1.8,-2.3,74,22,0.333,23.3,0.409,26.1,279,44,41,2,0.604,3.4,"Dodgers",0.421,171,2018,"NL","2018-NL",0.552,1,0,0,0,1,"2018-Dodgers",0,1,1,1,1,1,1,1,4,1,12,11,1,1,1,1,1,2,1,5,4
"88",57,"Yasmani Grandal","C",0.251,0.286,12.4,-3.8,5.3,80,13,0.213,21.9,0.35,5.1,306,41,47,1,0.464,2.1,"Dodgers",0.351,124,2018,"NL","2018-NL",0.552,1,0,0,0,1,"2018-Dodgers",0,1,1,3,3,5,3,2,8,4,4,5,3,4,3,6,6,5,7,1,5
"89",78,"Enrique Hernandez","OF",0.23,0.229,10.6,2.1,1.7,88,16,0.243,20.5,0.313,6.1,273,37,34,1,0.473,1.7,"Dodgers",0.332,112,2018,"NL","2018-NL",0.552,1,0,0,0,1,"2018-Dodgers",0,1,1,14,25,38,13,6,43,23,13,42,5,8,8,5,3,8,6,2,6
"90",81,"Joc Pederson","OF",0.247,0.244,10.6,0.5,-1.8,88,13,0.268,15.1,0.333,9.6,265,35,36,1,0.515,1.7,"Dodgers",0.357,128,2018,"NL","2018-NL",0.552,1,0,0,0,1,"2018-Dodgers",0,1,1,15,7,28,4,11,34,14,26,45,6,3,4,3,5,6,5,3,7
"91",84,"Matt Kemp","OF",0.31,0.362,6.5,-2.7,-6.2,92,15,0.212,22.8,0.352,11.8,324,42,60,0,0.522,1.6,"Dodgers",0.369,137,2018,"NL","2018-NL",0.552,1,0,0,0,1,"2018-Dodgers",0,1,1,19,4,15,2,8,3,9,45,49,7,2,2,2,4,1,2,8,8
"92",124,"Andrew McCutchen","OF",0.261,0.32,11.5,-3,-4.4,94,9,0.151,21.8,0.352,2.9,409,49,40,8,0.412,1.2,"Giants",0.334,112,2018,"NL","2018-NL",0.51,0,0,0,0,0,"2018-Giants",0,0,0,27,27,16,33,30,24,29,40,13,4,4,4,5,5,5,3,8,1
"93",132,"Gorkys Hernandez","OF",0.277,0.345,6,-1.2,-0.9,85,11,0.177,26.1,0.324,2.5,283,36,30,4,0.454,1.1,"Giants",0.333,111,2018,"NL","2018-NL",0.51,0,0,0,0,0,"2018-Giants",0,0,0,30,28,36,22,21,19,30,23,24,5,5,5,3,2,4,5,5,2
"94",73,"Buster Posey","C",0.288,0.316,10.3,-2.9,4,80,5,0.12,11.8,0.366,2.8,339,38,31,3,0.408,1.8,"Giants",0.337,114,2018,"NL","2018-NL",0.51,0,0,0,0,0,"2018-Giants",0,0,0,5,5,3,8,11,2,5,8,2,3,3,2,6,7,2,4,1,3
"95",44,"Brandon Crawford","SS",0.292,0.345,8.9,-1.2,3.5,93,10,0.17,19.9,0.363,7.8,372,42,39,3,0.462,2.4,"Giants",0.346,120,2018,"NL","2018-NL",0.51,0,0,0,0,0,"2018-Giants",0,0,0,5,5,1,5,7,4,5,9,13,2,2,3,2,3,1,2,2,4
"96",30,"Brandon Belt","1B",0.287,0.333,12.2,2.2,-0.7,81,13,0.193,20,0.383,16.7,345,43,42,2,0.48,2.8,"Giants",0.368,134,2018,"NL","2018-NL",0.51,0,0,0,0,0,"2018-Giants",0,0,0,4,7,4,7,10,6,6,1,7,1,1,1,1,1,3,1,4,5
"97",217,"Joe Panik","2B",0.24,0.238,8,-1.3,0.9,54,4,0.105,5.8,0.309,-6.8,224,25,14,1,0.345,0.1,"Giants",0.286,80,2018,"NL","2018-NL",0.51,0,0,0,0,0,"2018-Giants",0,0,0,11,9,7,10,10,10,10,8,12,7,8,7,8,8,8,8,3,6
"98",190,"Evan Longoria","3B",0.246,0.277,3.7,0,-1.3,67,10,0.188,21.1,0.278,-3.3,270,28,34,1,0.434,0.4,"Giants",0.302,90,2018,"NL","2018-NL",0.51,0,0,0,0,0,"2018-Giants",0,0,0,12,13,14,9,8,10,13,8,7,6,7,8,4,4,7,7,6,7
"99",223,"Pablo Sandoval","3B",0.25,0.289,8,-1.7,-3.8,83,8,0.152,21.3,0.316,-2.9,225,20,35,0,0.402,0.1,"Giants",0.31,96,2018,"NL","2018-NL",0.51,0,0,0,0,0,"2018-Giants",0,0,0,14,11,10,12,13,8,12,13,14,8,6,6,7,6,6,6,7,8
"100",2,"Jose Ramirez","3B",0.302,0.28,13.6,7.4,2.8,94,29,0.327,11.5,0.401,42.5,419,68,70,20,0.628,6.1,"Indians",0.426,170,2018,"AL","2018-AL",0.547,0,0,0,0,0,"2018-Indians",0,0,0,1,1,1,1,1,3,1,7,1,1,1,1,1,1,2,1,4,1
"101",3,"Francisco Lindor","SS",0.291,0.301,9.7,1.5,12.5,94,25,0.271,16.7,0.367,25.7,442,85,62,13,0.562,5.4,"Indians",0.391,146,2018,"AL","2018-AL",0.547,0,0,0,0,0,"2018-Indians",0,0,0,1,2,3,2,1,4,2,2,3,2,2,2,2,2,3,2,1,2
"102",55,"Michael Brantley","OF",0.308,0.308,6.7,0.1,-3.6,84,12,0.185,8.3,0.355,11.7,372,55,56,6,0.493,2.1,"Indians",0.362,126,2018,"AL","2018-AL",0.547,0,0,0,0,0,"2018-Indians",0,0,0,12,10,8,10,16,4,10,28,17,3,3,3,3,5,1,3,5,3
"103",147,"Jason Kipnis","2B",0.222,0.258,10.8,1.4,3.3,87,9,0.138,19.7,0.312,-6.7,370,39,39,4,0.36,0.9,"Indians",0.297,82,2018,"AL","2018-AL",0.547,0,0,0,0,0,"2018-Indians",0,0,0,11,14,13,16,10,15,14,5,11,5,7,5,7,7,7,7,3,4
"104",122,"Yan Gomes","C",0.247,0.323,6.3,-0.8,5,69,10,0.19,29.9,0.306,-2.3,271,34,32,0,0.437,1.2,"Indians",0.317,96,2018,"AL","2018-AL",0.547,0,0,0,0,0,"2018-Indians",0,0,0,2,2,4,3,7,2,3,6,8,4,6,7,5,6,5,6,2,5
"105",171,"Yonder Alonso","1B",0.258,0.295,8.9,-0.5,-5,85,13,0.175,21.4,0.324,0.2,336,39,53,0,0.434,0.6,"Indians",0.327,102,2018,"AL","2018-AL",0.547,0,0,0,0,0,"2018-Indians",0,0,0,6,7,7,8,3,6,8,9,12,6,5,4,6,4,4,4,6,6
"106",212,"Edwin Encarnacion","DH",0.225,0.23,10.4,-3.7,-9.1,86,22,0.241,23.2,0.311,-1.6,367,48,65,0,0.466,0.1,"Indians",0.331,105,2018,"AL","2018-AL",0.547,0,0,0,0,0,"2018-Indians",0,0,0,8,6,6,5,3,11,7,10,11,7,4,6,4,3,6,5,7,7
"107",197,"Dee Gordon","OF",0.283,0.326,1.6,3.5,-3.9,87,1,0.064,13.9,0.301,-5.5,382,44,22,22,0.346,0.3,"Mariners",0.282,80,2018,"AL","2018-AL",0.598,0,0,0,0,0,"2018-Mariners",0,0,0,32,35,29,35,41,9,32,30,1,7,9,6,8,9,3,7,6,1
"108",22,"Jean Segura","SS",0.323,0.356,4.5,0.6,4.6,90,7,0.135,13,0.354,12.8,399,66,47,14,0.458,3.1,"Mariners",0.349,126,2018,"AL","2018-AL",0.598,0,0,0,0,0,"2018-Mariners",0,0,0,4,6,4,6,8,1,3,6,2,1,3,4,3,6,1,3,3,2
"109",163,"Ben Gamel","OF",0.286,0.359,8.3,0.3,-2.8,66,1,0.103,19,0.356,3,205,24,10,5,0.389,0.7,"Mariners",0.327,111,2018,"AL","2018-AL",0.598,0,0,0,0,0,"2018-Mariners",0,0,0,28,18,7,29,39,7,21,22,20,6,4,3,7,8,2,4,4,3
"110",43,"Mitch Haniger","OF",0.272,0.318,11,-0.2,-5.3,94,18,0.217,23.3,0.358,16,399,48,67,5,0.488,2.5,"Mariners",0.361,134,2018,"AL","2018-AL",0.598,0,0,0,0,0,"2018-Mariners",0,0,0,9,7,6,12,10,13,7,33,22,2,2,2,2,2,4,2,7,4
"111",95,"Kyle Seager","3B",0.233,0.262,5.5,-1.2,5.6,96,16,0.19,21.9,0.282,-4.2,401,42,56,1,0.424,1.5,"Mariners",0.302,94,2018,"AL","2018-AL",0.598,0,0,0,0,0,"2018-Mariners",0,0,0,8,11,20,11,4,17,14,2,12,4,6,7,5,4,7,5,2,5
"112",231,"Guillermo Heredia","OF",0.231,0.284,9.8,-0.8,-3.5,82,2,0.087,18.9,0.319,-5.6,244,19,11,1,0.317,-0.1,"Mariners",0.287,84,2018,"AL","2018-AL",0.598,0,0,0,0,0,"2018-Mariners",0,0,0,37,31,24,39,36,30,33,27,34,8,7,5,9,7,8,8,5,6
"113",60,"Nelson Cruz","DH",0.267,0.272,9.9,-2.6,-7.9,81,22,0.271,19.5,0.363,16.4,333,39,55,1,0.538,2,"Mariners",0.381,148,2018,"AL","2018-AL",0.598,0,0,0,0,0,"2018-Mariners",0,0,0,2,2,2,2,2,2,2,6,4,3,1,1,1,1,5,1,8,7
"114",166,"Mike Zunino","C",0.189,0.248,5,-1.2,5.8,60,12,0.214,38.8,0.251,-6.4,219,20,29,0,0.403,0.7,"Mariners",0.282,80,2018,"AL","2018-AL",0.598,0,0,0,0,0,"2018-Mariners",0,0,0,6,7,11,6,5,11,6,5,7,5,8,9,6,5,9,9,1,8
"115",237,"Ryon Healy","C",0.24,0.257,3.8,-3.2,-8.4,80,18,0.207,23,0.27,-4.5,318,34,46,0,0.447,-0.2,"Mariners",0.306,96,2018,"AL","2018-AL",0.598,0,0,0,0,0,"2018-Mariners",0,0,0,11,4,9,2,1,4,5,12,12,9,5,8,4,3,6,6,9,9
"116",185,"Cameron Maybin","OF",0.242,0.299,10.9,-0.3,1.6,89,2,0.084,19.4,0.326,-5,258,17,18,8,0.326,0.5,"Marlins",0.291,85,2018,"NL","2018-NL",0.418,0,0,0,0,0,"2018-Marlins",0,0,0,40,39,34,47,50,38,40,15,12,7,6,6,8,8,6,6,4,1
"117",140,"Miguel Rojas","SS",0.254,0.276,5.4,-2.6,8.1,95,7,0.094,13.4,0.309,-9.8,351,27,34,6,0.348,1,"Marlins",0.288,83,2018,"NL","2018-NL",0.418,0,0,0,0,0,"2018-Marlins",0,0,0,13,15,14,16,12,11,16,1,7,5,7,7,6,7,5,7,1,2
"118",71,"Starlin Castro","SS",0.291,0.343,7.1,-0.5,1.8,97,7,0.117,18.5,0.337,2.5,421,58,37,4,0.408,1.8,"Marlins",0.322,106,2018,"NL","2018-NL",0.418,0,0,0,0,0,"2018-Marlins",0,0,0,8,7,7,9,10,5,9,16,11,3,5,5,5,6,2,5,3,3
"119",39,"Brian Anderson","OF",0.288,0.338,8.7,-0.8,1.4,97,8,0.14,17,0.363,10,424,55,49,2,0.429,2.6,"Marlins",0.345,121,2018,"NL","2018-NL",0.418,0,0,0,0,0,"2018-Marlins",0,0,0,4,15,12,28,31,10,12,16,35,2,3,2,3,5,4,3,5,4
"120",14,"J.T. Realmuto","C",0.31,0.351,5.6,2.2,4.5,69,12,0.226,18.5,0.365,19.6,303,46,45,1,0.536,3.5,"Marlins",0.384,147,2018,"NL","2018-NL",0.418,0,0,0,0,0,"2018-Marlins",0,0,0,1,1,4,1,3,1,1,6,6,1,1,1,1,2,1,1,2,5
"121",250,"Lewis Brinson","OF",0.186,0.234,4.5,0.7,-1.2,84,10,0.152,30.2,0.232,-17,311,22,30,1,0.338,-0.9,"Marlins",0.244,54,2018,"NL","2018-NL",0.418,0,0,0,0,0,"2018-Marlins",0,0,0,50,50,51,44,28,49,51,24,44,8,8,8,7,4,8,8,6,6
"122",159,"Justin Bour","1B",0.239,0.293,16.3,-5.1,-7.4,95,15,0.179,25.2,0.362,3.1,381,36,45,1,0.418,0.8,"Marlins",0.34,118,2018,"NL","2018-NL",0.418,0,0,0,0,0,"2018-Marlins",0,0,0,11,10,9,11,8,12,10,13,11,6,4,3,4,1,7,4,7,7
"123",123,"Derek Dietrich","2B",0.288,0.359,5.2,-0.3,-10,93,11,0.163,23.8,0.354,10.1,362,51,32,1,0.451,1.2,"Marlins",0.349,123,2018,"NL","2018-NL",0.418,0,0,0,0,0,"2018-Marlins",0,0,0,6,3,4,3,3,2,3,13,13,4,2,4,2,3,3,2,8,8
"124",46,"Brandon Nimmo","OF",0.253,0.335,11.9,1.3,-3.8,85,13,0.238,28.9,0.373,16.5,311,48,30,7,0.49,2.3,"Mets",0.372,140,2018,"NL","2018-NL",0.415,0,0,0,0,0,"2018-Mets",0,0,0,6,3,8,8,12,29,1,35,17,1,1,1,1,2,3,1,5,1
"125",182,"Amed Rosario","SS",0.246,0.303,5.2,1.6,0.7,90,4,0.133,20.8,0.289,-5.4,307,33,23,6,0.379,0.5,"Mets",0.284,81,2018,"NL","2018-NL",0.415,0,0,0,0,0,"2018-Mets",0,0,0,16,16,15,15,16,15,13,17,8,6,6,7,5,6,4,6,2,2
"126",157,"Todd Frazier","3B",0.217,0.239,10.4,0.3,2.2,61,10,0.168,22.3,0.3,-2.6,260,30,32,5,0.385,0.8,"Mets",0.298,91,2018,"NL","2018-NL",0.415,0,0,0,0,0,"2018-Mets",0,0,0,9,12,12,13,9,14,11,4,1,3,5,5,4,4,5,5,1,3
"127",158,"Michael Conforto","OF",0.216,0.266,15.3,0.2,-3.6,85,11,0.15,24.9,0.344,0.5,346,35,30,2,0.366,0.8,"Mets",0.313,101,2018,"NL","2018-NL",0.415,0,0,0,0,0,"2018-Mets",0,0,0,36,33,21,40,24,45,34,34,38,4,4,2,6,3,6,4,4,4
"128",241,"Jay Bruce","1B",0.212,0.261,10.2,0.8,-4.1,62,3,0.108,20.3,0.292,-7.6,236,17,17,2,0.321,-0.4,"Mets",0.269,71,2018,"NL","2018-NL",0.415,0,0,0,0,0,"2018-Mets",0,0,0,15,15,15,15,15,14,15,7,8,7,7,6,7,7,7,7,7,5
"129",176,"Wilmer Flores","C",0.272,0.265,7.2,-2.3,-3.4,75,8,0.188,8.9,0.322,1.6,236,22,30,0,0.46,0.6,"Mets",0.333,114,2018,"NL","2018-NL",0.415,0,0,0,0,0,"2018-Mets",0,0,0,9,6,9,5,5,5,8,13,13,5,3,4,3,5,2,3,3,6
"130",48,"Asdrubal Cabrera","SS",0.281,0.312,7.4,1.1,-3.9,92,17,0.209,19.5,0.334,13.2,380,44,52,0,0.49,2.2,"Mets",0.351,126,2018,"NL","2018-NL",0.415,0,0,0,0,0,"2018-Mets",0,0,0,6,3,8,4,4,7,4,19,19,2,2,3,2,1,1,2,6,7
"131",113,"Denard Span","OF",0.271,0.302,11.9,1,-6.7,81,8,0.164,15.8,0.358,9.1,310,43,43,6,0.435,1.3,"Multiple",0.345,122,2018,NA,"2018-NA",0.5,0,0,0,0,0,"2018-Multiple",0,0,0,1,1,1,1,1,2,1,2,1,1,1,2,1,1,2,1,4,1
"132",135,"Jon Jay","OF",0.277,0.33,6.3,-2.7,2.3,92,3,0.079,16.2,0.346,-5.4,414,54,30,4,0.356,1.1,"Multiple",0.313,95,2018,NA,"2018-NA",0.5,0,0,0,0,0,"2018-Multiple",0,0,0,2,2,2,2,2,1,2,1,2,2,4,3,4,4,1,4,1,2
"133",168,"Jose Bautista","RF",0.217,0.277,18.5,-0.4,-3.9,61,7,0.199,27,0.365,4.2,200,24,26,2,0.416,0.7,"Multiple",0.342,119,2018,NA,"2018-NA",0.5,0,0,0,0,0,"2018-Multiple",0,0,0,1,1,1,1,1,1,1,1,1,3,2,1,3,3,4,2,2,3
"134",218,"Brad Miller","2B",0.25,0.353,8.8,-1,-5.4,69,7,0.167,32.6,0.314,-1.4,239,21,29,0,0.417,0.1,"Multiple",0.314,99,2018,NA,"2018-NA",0.5,0,0,0,0,0,"2018-Multiple",0,0,0,1,1,1,1,1,1,1,1,1,4,3,4,2,2,3,3,3,4
"135",127,"Michael A. Taylor","OF",0.24,0.332,8.2,5.1,3.7,90,5,0.133,28.4,0.303,-2.1,306,35,25,24,0.373,1.2,"Nationals",0.295,81,2018,"NL","2018-NL",0.5,0,0,0,0,0,"2018-Nationals",0,0,0,28,43,45,39,43,40,37,6,2,5,6,6,6,6,6,6,4,1
"136",41,"Trea Turner","SS",0.267,0.313,9.7,3.9,6,96,11,0.135,18.8,0.343,4.8,431,55,39,22,0.402,2.5,"Nationals",0.326,102,2018,"NL","2018-NL",0.5,0,0,0,0,0,"2018-Nationals",0,0,0,4,8,4,11,6,9,6,4,1,2,5,5,5,4,4,5,1,2
"137",131,"Bryce Harper","OF",0.214,0.226,18.8,-0.2,-10.8,94,23,0.254,24.6,0.365,8.9,414,57,54,6,0.468,1.1,"Nationals",0.35,118,2018,"NL","2018-NL",0.5,0,0,0,0,0,"2018-Nationals",0,0,0,31,19,9,16,1,46,15,51,19,6,4,2,4,1,7,4,8,3
"138",203,"Wilmer Difo","2B",0.244,0.294,7.3,0.1,3.1,91,3,0.095,18.5,0.302,-10.6,303,36,24,5,0.338,0.2,"Nationals",0.28,71,2018,"NL","2018-NL",0.5,0,0,0,0,0,"2018-Nationals",0,0,0,10,11,10,12,12,9,12,4,6,7,7,7,7,7,5,7,5,4
"139",77,"Juan Soto","OF",0.301,0.349,15.8,1.2,-3.9,51,9,0.216,19.6,0.411,13.9,209,32,28,2,0.517,1.7,"Nationals",0.398,150,2018,"NL","2018-NL",0.5,0,0,0,0,0,"2018-Nationals",0,0,0,16,1,1,3,29,5,4,37,39,3,1,1,3,5,1,2,7,5
"140",246,"Pedro Severino","C",0.171,0.216,8.4,-0.7,4.2,63,2,0.083,22.7,0.256,-17.1,203,13,15,1,0.254,-0.7,"Nationals",0.225,34,2018,"NL","2018-NL",0.5,0,0,0,0,0,"2018-Nationals",0,0,0,13,13,13,13,13,13,13,7,7,8,8,8,8,8,8,8,3,6
"141",24,"Anthony Rendon","3B",0.285,0.298,9.8,2.4,4.3,75,15,0.241,15.9,0.352,14.4,327,44,45,0,0.526,3,"Nationals",0.369,130,2018,"NL","2018-NL",0.5,0,0,0,0,0,"2018-Nationals",0,0,0,3,4,5,3,5,3,3,2,9,1,3,4,2,3,3,1,2,7
"142",97,"Matt Adams","1B",0.288,0.303,9.4,-1.8,-2.7,68,15,0.277,20.7,0.362,10.3,213,32,39,0,0.565,1.5,"Nationals",0.394,147,2018,"NL","2018-NL",0.5,0,0,0,0,0,"2018-Nationals",0,0,0,9,3,8,2,7,5,9,3,12,4,2,3,1,2,2,3,6,8
"143",9,"Manny Machado","SS",0.315,0.311,10.9,-0.4,-2.9,96,24,0.26,12.3,0.387,26.7,413,48,65,8,0.575,3.8,"Orioles",0.399,155,2018,"AL","2018-AL",0.289,0,0,0,0,0,"2018-Orioles",0,0,0,3,1,1,1,2,2,1,13,7,1,1,1,1,1,1,1,2,1
"144",238,"Danny Valencia","3B",0.251,0.271,8.3,-3.4,-5.7,68,9,0.167,18.8,0.308,-5.3,240,25,27,1,0.419,-0.3,"Orioles",0.309,93,2018,"AL","2018-AL",0.289,0,0,0,0,0,"2018-Orioles",0,0,0,19,16,13,13,13,11,17,18,15,5,4,3,4,6,4,4,3,2
"145",257,"Chris Davis","1B",0.158,0.219,8,-1.2,-7.2,80,9,0.116,35.9,0.232,-26,323,18,28,1,0.274,-2.3,"Orioles",0.225,36,2018,"AL","2018-AL",0.289,0,0,0,0,0,"2018-Orioles",0,0,0,13,13,13,13,9,13,13,13,7,7,7,7,7,7,7,7,4,3
"146",214,"Adam Jones","OF",0.275,0.304,2.8,-1,-8.1,92,10,0.148,15.5,0.299,-3.6,394,38,36,1,0.423,0.1,"Orioles",0.31,94,2018,"AL","2018-AL",0.289,0,0,0,0,0,"2018-Orioles",0,0,0,34,27,31,23,23,12,29,37,37,3,3,4,3,4,2,3,6,4
"147",225,"Jonathan Schoop","2B",0.229,0.256,3.7,-2,2.1,76,10,0.16,19.8,0.263,-12.5,324,36,25,0,0.389,0,"Orioles",0.279,73,2018,"AL","2018-AL",0.289,0,0,0,0,0,"2018-Orioles",0,0,0,15,16,17,12,6,14,17,7,17,4,6,6,5,5,5,6,1,5
"148",206,"Mark Trumbo","DH",0.251,0.296,7.1,-1.2,-7.3,64,12,0.2,25.1,0.31,0.7,255,29,28,0,0.451,0.2,"Orioles",0.328,106,2018,"AL","2018-AL",0.289,0,0,0,0,0,"2018-Orioles",0,0,0,6,5,8,6,8,7,5,5,9,2,2,2,2,2,3,2,5,6
"149",248,"Trey Mancini","OF",0.216,0.26,8.7,-0.3,-9.9,91,12,0.146,24.9,0.292,-9.3,366,39,26,0,0.363,-0.7,"Orioles",0.289,79,2018,"AL","2018-AL",0.289,0,0,0,0,0,"2018-Orioles",0,0,0,40,36,35,32,19,33,38,39,40,6,5,5,6,3,6,5,7,7
"150",165,"Travis Jankowski","OF",0.261,0.321,10.5,2,-0.5,64,2,0.076,18.5,0.342,-0.3,238,27,9,14,0.336,0.7,"Padres",0.305,92,2018,"NL","2018-NL",0.404,0,0,0,0,0,"2018-Padres",0,0,0,38,36,23,46,49,27,35,22,7,2,3,1,5,6,2,2,3,1
"151",191,"Manuel Margot","OF",0.243,0.286,7.8,-1.2,1.7,82,3,0.121,16.6,0.306,-7.8,308,28,24,7,0.364,0.4,"Padres",0.29,82,2018,"NL","2018-NL",0.404,0,0,0,0,0,"2018-Padres",0,0,0,41,42,44,41,45,37,46,14,14,3,5,4,3,4,4,4,2,2
"152",234,"Freddy Galvis","SS",0.228,0.287,7.7,-0.7,1.9,99,4,0.096,22.2,0.289,-15.6,392,31,33,4,0.324,-0.1,"Padres",0.27,69,2018,"NL","2018-NL",0.404,0,0,0,0,0,"2018-Padres",0,0,0,18,17,16,18,18,18,18,15,10,4,6,6,6,3,6,6,1,3
"153",240,"Jose Pirela","OF",0.261,0.316,6.5,-4,-3.9,96,3,0.094,18.4,0.312,-11.5,369,45,27,4,0.355,-0.4,"Padres",0.292,83,2018,"NL","2018-NL",0.404,0,0,0,0,0,"2018-Padres",0,0,0,48,41,40,42,46,26,49,38,27,6,4,3,4,5,1,5,5,4
"154",235,"Eric Hosmer","1B",0.249,0.306,9.1,-2.8,-8.6,94,10,0.149,22.6,0.317,-6.1,407,41,41,4,0.397,-0.2,"Padres",0.307,93,2018,"NL","2018-NL",0.404,0,0,0,0,0,"2018-Padres",0,0,0,14,13,13,13,13,9,14,15,5,5,2,2,2,2,3,3,6,5
"155",134,"Christian Villanueva","3B",0.232,0.262,5.8,-0.8,-1,85,19,0.251,28.9,0.289,2.1,294,34,43,2,0.483,1.1,"Padres",0.329,108,2018,"NL","2018-NL",0.404,0,0,0,0,0,"2018-Padres",0,0,0,8,7,13,4,3,12,7,7,3,1,1,5,1,1,5,1,4,6
"156",54,"Cesar Hernandez","2B",0.27,0.336,14.4,1.2,-0.5,95,8,0.111,20.6,0.378,7.6,423,63,31,14,0.382,2.1,"Phillies",0.338,112,2018,"NL","2018-NL",0.558,0,0,0,0,0,"2018-Phillies",0,0,0,3,4,2,7,6,5,4,10,2,1,2,1,7,6,2,2,3,1
"157",202,"Scott Kingery","SS",0.237,0.303,5.6,2.7,2.4,91,4,0.101,24,0.282,-11,341,40,27,8,0.338,0.2,"Phillies",0.271,67,2018,"NL","2018-NL",0.558,0,0,0,0,0,"2018-Phillies",0,0,0,17,18,18,17,17,16,17,12,6,7,9,9,8,9,7,9,2,2
"158",101,"Odubel Herrera","OF",0.275,0.316,6.1,1.2,-5.9,92,16,0.185,20.9,0.327,7.1,393,47,52,5,0.46,1.4,"Phillies",0.339,112,2018,"NL","2018-NL",0.558,0,0,0,0,0,"2018-Phillies",0,0,0,23,26,32,18,7,20,22,44,22,2,3,4,1,1,1,3,6,3
"159",111,"Rhys Hoskins","OF",0.252,0.311,13.8,0.9,-10.1,86,14,0.204,25.1,0.363,11.3,370,49,56,4,0.456,1.3,"Phillies",0.355,123,2018,"NL","2018-NL",0.558,0,0,0,0,0,"2018-Phillies",0,0,0,25,11,11,20,9,31,10,49,29,3,1,2,3,2,5,1,9,4
"160",216,"Nick Williams","OF",0.245,0.29,8.3,0,-8.1,87,11,0.186,24.2,0.322,0.9,264,28,34,2,0.43,0.1,"Phillies",0.325,103,2018,"NL","2018-NL",0.558,0,0,0,0,0,"2018-Phillies",0,0,0,47,32,37,26,23,35,32,47,40,8,6,5,4,5,6,5,8,5
"161",243,"Aaron Altherr","OF",0.174,0.242,13.5,-1.4,-2.7,87,6,0.135,32.2,0.294,-10.7,245,22,33,1,0.309,-0.6,"Phillies",0.274,69,2018,"NL","2018-NL",0.558,0,0,0,0,0,"2018-Phillies",0,0,0,49,48,46,49,40,51,47,31,46,9,8,8,9,8,9,8,5,6
"162",145,"Carlos Santana","1B",0.209,0.206,18.2,-0.3,-6,95,14,0.187,13.8,0.351,2.1,407,53,52,1,0.396,0.9,"Phillies",0.327,105,2018,"NL","2018-NL",0.558,0,0,0,0,0,"2018-Phillies",0,0,0,10,11,10,14,9,15,11,10,10,4,4,3,6,3,8,4,7,7
"163",142,"Jorge Alfaro","C",0.254,0.403,4.1,0.2,6.1,70,6,0.145,38.3,0.3,-4.6,243,22,21,0,0.399,0.9,"Phillies",0.296,84,2018,"NL","2018-NL",0.558,0,0,0,0,0,"2018-Phillies",0,0,0,8,10,11,9,9,7,9,2,8,5,7,7,5,7,4,7,1,8
"164",169,"Maikel Franco","3B",0.269,0.272,6.9,-2,-2.2,85,13,0.19,13.5,0.317,-0.9,303,31,47,0,0.459,0.7,"Phillies",0.325,103,2018,"NL","2018-NL",0.558,0,0,0,0,0,"2018-Phillies",0,0,0,10,9,9,8,6,5,9,10,11,6,5,6,2,4,3,6,4,9
"165",34,"Starling Marte","OF",0.285,0.331,6.6,3.6,3,85,13,0.195,21.1,0.333,12,351,52,44,25,0.48,2.7,"Pirates",0.347,119,2018,"NL","2018-NL",0.495,0,0,0,0,0,"2018-Pirates",0,0,0,2,17,29,11,13,12,7,7,1,1,3,6,2,2,2,1,3,1
"166",72,"Corey Dickerson","OF",0.306,0.335,4.1,-2.5,2,86,7,0.164,12.8,0.34,4.7,344,40,37,5,0.469,1.8,"Pirates",0.344,117,2018,"NL","2018-NL",0.495,0,0,0,0,0,"2018-Pirates",0,0,0,12,20,25,15,33,4,26,11,20,3,4,4,3,5,1,4,4,2
"167",98,"Gregory Polanco","OF",0.239,0.267,12.9,-1.7,-4.3,86,16,0.249,23,0.341,7.5,348,49,51,4,0.488,1.5,"Pirates",0.351,122,2018,"NL","2018-NL",0.495,0,0,0,0,0,"2018-Pirates",0,0,0,21,14,24,10,5,41,19,39,28,4,2,3,1,1,8,3,7,3
"168",224,"Josh Harrison","2B",0.249,0.28,4.2,1.8,-0.6,61,4,0.091,15.6,0.291,-7.3,262,29,23,3,0.34,0,"Pirates",0.275,71,2018,"NL","2018-NL",0.495,0,0,0,0,0,"2018-Pirates",0,0,0,12,12,11,11,11,7,11,11,8,8,8,8,8,8,6,8,5,4
"169",155,"Jordy Mercer","SS",0.252,0.31,6.7,-0.7,3.6,86,5,0.138,21.3,0.311,-6.1,328,31,31,2,0.389,0.8,"Pirates",0.298,86,2018,"NL","2018-NL",0.495,0,0,0,0,0,"2018-Pirates",0,0,0,14,14,12,14,15,13,15,8,16,5,7,7,7,7,5,7,2,5
"170",53,"Francisco Cervelli","C",0.243,0.274,14.5,-1.1,5.4,60,9,0.217,20.4,0.379,7.6,235,26,36,1,0.46,2.1,"Pirates",0.364,130,2018,"NL","2018-NL",0.495,0,0,0,0,0,"2018-Pirates",0,0,0,4,2,1,4,4,10,2,3,4,2,1,1,4,3,7,2,1,6
"171",192,"Colin Moran","3B",0.264,0.288,9.3,-2.9,-3.4,88,8,0.14,15.3,0.337,-2.5,300,33,37,0,0.404,0.4,"Pirates",0.32,101,2018,"NL","2018-NL",0.495,0,0,0,0,0,"2018-Pirates",0,0,0,13,10,8,11,12,6,10,11,12,6,6,5,5,4,3,6,6,7
"172",211,"Josh Bell","OF",0.261,0.309,11.5,-2.3,-9.5,96,5,0.135,17.9,0.342,-0.9,374,48,46,0,0.396,0.2,"Pirates",0.323,103,2018,"NL","2018-NL",0.495,0,0,0,0,0,"2018-Pirates",0,0,0,44,31,22,36,42,25,36,48,50,7,5,2,6,6,4,5,8,8
"173",221,"Delino DeShields","OF",0.208,0.272,10.6,3.3,3.5,74,2,0.068,22.2,0.301,-13,311,42,18,16,0.275,0.1,"Rangers",0.265,56,2018,"AL","2018-AL",0.423,0,0,0,0,0,"2018-Rangers",0,0,0,35,40,30,41,38,37,40,6,4,10,10,9,10,10,9,10,3,1
"174",110,"Jurickson Profar","2B",0.243,0.258,8.3,2.8,-0.8,85,9,0.188,13.1,0.326,2.2,350,50,46,8,0.43,1.3,"Rangers",0.327,99,2018,"AL","2018-AL",0.423,0,0,0,0,0,"2018-Rangers",0,0,0,8,10,8,6,9,9,8,11,5,2,3,4,5,6,6,2,5,2
"175",175,"Isiah Kiner-Falefa","3B",0.251,0.302,7.9,-0.6,4.9,68,2,0.098,16.9,0.322,-7.7,266,33,24,7,0.349,0.6,"Rangers",0.296,78,2018,"AL","2018-AL",0.423,0,0,0,0,0,"2018-Rangers",0,0,0,14,19,10,20,21,12,18,3,4,8,9,6,9,9,4,9,1,3
"176",160,"Rougned Odor","2B",0.239,0.308,7.6,-0.2,4.2,67,6,0.139,25.6,0.319,-5.1,262,32,24,5,0.378,0.8,"Rangers",0.306,84,2018,"AL","2018-AL",0.423,0,0,0,0,0,"2018-Rangers",0,0,0,13,13,10,14,13,11,13,3,8,5,8,8,8,7,7,8,2,4
"177",139,"Joey Gallo","OF",0.187,0.228,12.6,2.2,-1,93,22,0.256,36.2,0.296,-1.5,365,48,51,3,0.443,1,"Rangers",0.316,91,2018,"AL","2018-AL",0.423,0,0,0,0,0,"2018-Rangers",0,0,0,22,28,33,19,5,40,27,16,26,4,7,10,3,1,10,5,7,5
"178",29,"Shin-Soo Choo","OF",0.293,0.35,14.9,0.3,-8.5,90,18,0.213,21.9,0.405,21.9,416,54,43,3,0.506,2.8,"Rangers",0.392,143,2018,"AL","2018-AL",0.423,0,0,0,0,0,"2018-Rangers",0,0,0,6,4,3,8,9,6,6,38,30,1,1,1,1,2,1,1,10,6
"179",162,"Robinson Chirinos","C",0.209,0.313,9.9,-2.2,2.1,69,11,0.209,38,0.319,-3.4,263,27,37,1,0.418,0.8,"Rangers",0.323,96,2018,"AL","2018-AL",0.423,0,0,0,0,0,"2018-Rangers",0,0,0,5,3,3,5,6,9,4,10,3,6,5,7,6,4,8,7,4,7
"180",177,"Ronald Guzman","1B",0.25,0.331,8.6,0.7,-2.5,70,9,0.186,29.8,0.322,0,245,24,37,1,0.436,0.6,"Rangers",0.325,98,2018,"AL","2018-AL",0.423,0,0,0,0,0,"2018-Rangers",0,0,0,7,9,9,7,8,7,9,4,4,7,4,5,4,5,5,4,8,8
"181",129,"Nomar Mazara","OF",0.272,0.319,7.7,-0.7,-3.1,91,15,0.178,22.2,0.332,1.6,388,46,58,1,0.45,1.2,"Rangers",0.336,105,2018,"AL","2018-AL",0.423,0,0,0,0,0,"2018-Rangers",0,0,0,20,24,19,17,13,14,24,25,33,3,2,3,2,3,3,3,9,9
"182",186,"Adrian Beltre","3B",0.286,0.348,8,-1.3,-0.9,65,4,0.108,21.1,0.345,-3.4,261,20,26,0,0.394,0.4,"Rangers",0.319,93,2018,"AL","2018-AL",0.423,0,0,0,0,0,"2018-Rangers",0,0,0,16,15,5,17,20,5,13,13,20,9,6,2,7,8,2,6,6,10
"183",105,"Mallex Smith","OF",0.284,0.361,7.9,2.3,-1.4,86,1,0.104,19.9,0.348,4.6,302,29,20,16,0.388,1.4,"Rays",0.323,106,2018,"AL","2018-AL",0.51,0,0,0,0,0,"2018-Rays",0,0,0,16,22,12,30,40,8,18,17,5,6,5,3,6,8,3,4,6,1
"184",59,"Matt Duffy","3B",0.317,0.375,6.8,-2.5,3,80,4,0.096,16.5,0.371,5.5,340,33,27,7,0.413,2,"Rays",0.343,120,2018,"AL","2018-AL",0.51,0,0,0,0,0,"2018-Rays",0,0,0,5,4,3,14,18,1,7,5,5,1,4,2,3,5,1,3,2,2
"185",104,"Joey Wendle","2B",0.283,0.355,5.7,1,2.7,81,4,0.112,22.6,0.331,0.9,296,28,29,7,0.394,1.4,"Rays",0.314,100,2018,"AL","2018-AL",0.51,0,0,0,0,0,"2018-Rays",0,0,0,7,9,7,9,15,6,9,6,6,4,6,5,4,6,4,6,4,3
"186",239,"Carlos Gomez","OF",0.216,0.273,6.2,-1.3,-5.9,78,8,0.143,25.6,0.296,-7.2,305,30,23,6,0.359,-0.3,"Rays",0.29,84,2018,"AL","2018-AL",0.51,0,0,0,0,0,"2018-Rays",0,0,0,39,32,34,34,31,34,35,34,18,8,7,7,7,3,8,8,7,4
"187",65,"Daniel Robertson","2B",0.257,0.335,13.8,0.6,0.3,75,7,0.135,24.2,0.384,8.8,297,41,26,2,0.392,1.9,"Rays",0.348,123,2018,"AL","2018-AL",0.51,0,0,0,0,0,"2018-Rays",0,0,0,4,5,2,10,11,7,5,10,12,2,2,1,5,4,6,1,5,5
"188",173,"Adeiny Hechavarria","SS",0.261,0.291,5.4,2.1,3.7,55,3,0.079,14.9,0.295,-5,222,29,23,1,0.34,0.6,"Rays",0.275,73,2018,"AL","2018-AL",0.51,0,0,0,0,0,"2018-Rays",0,0,0,11,12,11,12,11,9,9,9,12,7,8,8,8,7,5,7,1,6
"189",106,"C.J. Cron","DH",0.256,0.303,6.1,-1.6,-7.1,89,19,0.223,26.3,0.327,7.9,376,45,49,1,0.479,1.4,"Rays",0.345,121,2018,"AL","2018-AL",0.51,0,0,0,0,0,"2018-Rays",0,0,0,3,3,4,4,5,3,3,3,3,5,3,6,2,1,7,2,8,7
"190",79,"Wilson Ramos","C",0.297,0.335,7,-7.8,2.7,78,14,0.191,19.4,0.346,3.3,315,30,53,0,0.488,1.7,"Rays",0.358,130,2018,"AL","2018-AL",0.51,0,0,0,0,0,"2018-Rays",0,0,0,1,1,1,1,2,1,1,9,10,3,1,4,1,2,2,5,3,8
"191",0,"Mookie Betts","OF",0.359,0.356,13,4.7,6.7,78,23,0.332,11.8,0.448,46.7,355,79,51,18,0.691,6.7,"Red Sox",0.47,199,2018,"AL","2018-AL",0.694,1,0,1,0,0,"2018-Red Sox",0,0,0,1,1,2,1,3,1,2,3,2,1,1,1,1,2,1,1,1,1
"192",12,"Andrew Benintendi","OF",0.297,0.333,12.1,3.8,-0.9,91,14,0.22,17.5,0.38,22.5,405,68,57,17,0.517,3.6,"Red Sox",0.381,139,2018,"AL","2018-AL",0.694,1,0,1,0,0,"2018-Red Sox",0,0,0,4,5,5,6,15,5,5,15,3,3,3,3,4,4,3,3,7,2
"193",141,"Jackie Bradley Jr.","OF",0.21,0.265,8.4,3.8,6.1,86,6,0.135,24.4,0.297,-7.2,320,40,32,11,0.345,1,"Red Sox",0.283,71,2018,"AL","2018-AL",0.694,1,0,1,0,0,"2018-Red Sox",0,0,0,23,38,32,36,34,36,36,4,7,6,8,7,9,8,10,8,2,3
"194",164,"Brock Holt","2B",0.289,0.349,9.4,-2.2,1.3,60,1,0.096,17,0.363,-1.5,212,20,25,5,0.385,0.7,"Red Sox",0.329,103,2018,"AL","2018-AL",0.694,1,0,1,0,0,"2018-Red Sox",0,0,0,14,7,4,13,17,4,11,9,9,7,6,4,7,10,4,6,5,4
"195",180,"Rafael Devers","3B",0.241,0.288,6.8,2.1,-2.2,89,14,0.182,25.1,0.292,-4.4,367,42,48,5,0.424,0.6,"Red Sox",0.303,85,2018,"AL","2018-AL",0.694,1,0,1,0,0,"2018-Red Sox",0,0,0,15,17,18,10,9,16,15,15,6,8,7,8,6,5,8,7,8,5
"196",244,"Eduardo Nunez","3B",0.255,0.287,3.4,-4.4,-0.2,81,6,0.106,16,0.283,-16.4,326,36,24,4,0.361,-0.6,"Red Sox",0.28,69,2018,"AL","2018-AL",0.694,1,0,1,0,0,"2018-Red Sox",0,0,0,20,20,19,19,15,10,21,10,8,9,9,9,8,7,7,9,6,6
"197",28,"Xander Bogaerts","SS",0.284,0.306,8.6,-1.5,4.3,79,16,0.252,17.8,0.353,12.4,348,47,64,2,0.535,2.9,"Red Sox",0.374,133,2018,"AL","2018-AL",0.694,1,0,1,0,0,"2018-Red Sox",0,0,0,5,3,5,3,4,5,4,7,10,4,4,5,3,3,5,4,3,7
"198",245,"Christian Vazquez","C",0.213,0.24,3.2,-2.1,3.3,60,3,0.087,15.1,0.249,-16.8,218,18,14,2,0.3,-0.7,"Red Sox",0.242,43,2018,"AL","2018-AL",0.694,1,0,1,0,0,"2018-Red Sox",0,0,0,12,12,12,11,11,8,12,8,1,10,10,10,10,9,9,10,4,8
"199",11,"J.D. Martinez","DH",0.328,0.373,9.6,-3,-9,92,29,0.316,23.9,0.393,31.7,397,72,80,2,0.644,3.7,"Red Sox",0.432,173,2018,"AL","2018-AL",0.694,1,0,1,0,0,"2018-Red Sox",0,0,0,1,1,1,1,1,1,1,9,2,2,2,2,2,1,2,2,10,9
"200",117,"Mitch Moreland","1B",0.278,0.319,10.8,-2.6,-3.2,77,11,0.222,20.6,0.353,6.1,286,43,46,1,0.5,1.3,"Red Sox",0.362,126,2018,"AL","2018-AL",0.694,1,0,1,0,0,"2018-Red Sox",0,0,0,4,2,3,1,5,2,2,5,5,5,5,6,5,6,6,5,9,10
"201",137,"Billy Hamilton","OF",0.23,0.311,10.2,6.1,4.8,92,3,0.088,25.6,0.31,-5.3,332,53,19,22,0.318,1,"Reds",0.282,72,2018,"NL","2018-NL",0.448,0,0,0,0,0,"2018-Reds",0,0,0,33,47,42,48,48,44,42,5,4,6,9,8,9,9,8,7,1,1
"202",82,"Jose Peraza","SS",0.293,0.32,5.5,3.5,1.9,93,5,0.098,10.9,0.339,1.5,403,53,35,17,0.391,1.7,"Reds",0.318,96,2018,"NL","2018-NL",0.448,0,0,0,0,0,"2018-Reds",0,0,0,10,11,6,13,14,1,10,14,3,4,6,6,7,7,4,6,5,2
"203",119,"Scott Schebler","OF",0.278,0.325,8,0.4,-5.2,76,12,0.192,21.7,0.351,7.7,299,42,37,3,0.47,1.2,"Reds",0.353,120,2018,"NL","2018-NL",0.448,0,0,0,0,0,"2018-Reds",0,0,0,29,16,17,14,16,18,18,41,31,5,5,5,3,4,6,5,8,3
"204",19,"Scooter Gennett","2B",0.326,0.371,6.7,0,2.4,92,16,0.195,19,0.373,17.7,389,59,63,2,0.521,3.3,"Reds",0.379,137,2018,"NL","2018-NL",0.448,0,0,0,0,0,"2018-Reds",0,0,0,2,2,3,2,2,1,2,5,9,1,3,4,2,2,1,2,3,4
"205",172,"Adam Duvall","OF",0.204,0.236,9.1,1.6,2,95,14,0.194,26.1,0.286,-6.3,329,35,60,2,0.398,0.6,"Reds",0.294,80,2018,"NL","2018-NL",0.448,0,0,0,0,0,"2018-Reds",0,0,0,39,44,47,35,10,47,44,12,34,9,8,9,6,3,9,8,4,5
"206",21,"Eugenio Suarez","3B",0.312,0.344,11.5,-2,-1.7,79,19,0.262,19.5,0.399,22,348,50,71,1,0.574,3.2,"Reds",0.408,157,2018,"NL","2018-NL",0.448,0,0,0,0,0,"2018-Reds",0,0,0,2,1,1,2,2,2,2,9,8,2,1,3,1,1,2,1,6,6
"207",32,"Joey Votto","1B",0.289,0.332,17.3,-2.7,-3.4,95,9,0.152,14.9,0.422,16.7,422,55,50,1,0.442,2.7,"Reds",0.38,138,2018,"NL","2018-NL",0.448,0,0,0,0,0,"2018-Reds",0,0,0,6,6,1,10,14,4,5,5,9,3,2,1,4,5,5,3,7,7
"208",179,"Tucker Barnhart","C",0.249,0.295,10.4,-2.8,3.5,80,5,0.105,18,0.33,-8.3,327,31,29,0,0.354,0.6,"Reds",0.303,86,2018,"NL","2018-NL",0.448,0,0,0,0,0,"2018-Reds",0,0,0,10,9,8,12,12,9,12,10,10,8,7,7,8,8,7,9,2,8
"209",153,"Jesse Winker","OF",0.293,0.329,15.1,-2.1,-10.5,85,7,0.135,13.8,0.404,8.4,318,35,42,0,0.429,0.8,"Reds",0.364,127,2018,"NL","2018-NL",0.448,0,0,0,0,0,"2018-Reds",0,0,0,37,8,2,27,34,8,16,50,51,7,4,2,5,6,3,4,9,9
"210",25,"Trevor Story","SS",0.292,0.352,7.7,0.1,3,95,20,0.265,25.2,0.353,13.2,405,50,68,12,0.557,3,"Rockies",0.383,127,2018,"NL","2018-NL",0.531,0,0,0,0,0,"2018-Rockies",0,0,0,3,2,2,2,1,2,3,10,4,2,2,3,2,2,3,2,3,1
"211",227,"Ian Desmond","1B",0.235,0.271,8.6,-0.3,-7.1,94,18,0.22,25.7,0.308,-5.2,370,52,56,11,0.455,-0.1,"Rockies",0.327,89,2018,"NL","2018-NL",0.531,0,0,0,0,0,"2018-Rockies",0,0,0,13,14,14,9,4,13,13,11,1,8,6,8,5,4,7,6,8,2
"212",204,"Gerardo Parra","OF",0.297,0.342,5.4,-0.7,-1.8,86,5,0.109,16.4,0.339,-5.7,299,38,41,7,0.406,0.2,"Rockies",0.323,86,2018,"NL","2018-NL",0.531,0,0,0,0,0,"2018-Rockies",0,0,0,45,38,27,34,41,6,43,27,15,7,7,4,7,8,2,7,6,3
"213",116,"DJ LeMahieu","2B",0.28,0.303,7,-0.6,7.3,71,8,0.153,14,0.326,-5.2,329,52,34,5,0.433,1.3,"Rockies",0.326,89,2018,"NL","2018-NL",0.531,0,0,0,0,0,"2018-Rockies",0,0,0,5,6,5,4,5,3,7,2,5,4,5,7,6,6,6,5,1,4
"214",99,"Charlie Blackmon","OF",0.287,0.319,8.6,0.2,-5.9,91,19,0.21,19.2,0.355,7.3,406,73,45,5,0.497,1.5,"Rockies",0.365,114,2018,"NL","2018-NL",0.531,0,0,0,0,0,"2018-Rockies",0,0,0,22,23,14,6,2,11,20,43,21,3,3,2,3,3,4,3,7,5
"215",133,"Carlos Gonzalez","OF",0.28,0.33,7.1,2.3,-0.3,76,11,0.198,22.5,0.332,1.9,280,44,41,4,0.479,1.1,"Rockies",0.342,99,2018,"NL","2018-NL",0.531,0,0,0,0,0,"2018-Rockies",0,0,0,32,35,31,12,17,17,31,21,23,5,4,6,4,5,5,4,5,6
"216",6,"Nolan Arenado","3B",0.312,0.335,12.4,0.2,4.6,90,23,0.274,18.2,0.395,22,395,63,68,2,0.586,4,"Rockies",0.411,145,2018,"NL","2018-NL",0.531,0,0,0,0,0,"2018-Rockies",0,0,0,1,2,2,1,1,1,1,1,2,1,1,1,1,1,1,1,2,7
"217",205,"Chris Iannetta","C",0.233,0.291,11.7,-2.2,2.1,61,7,0.159,25.7,0.335,-7.2,222,22,22,0,0.392,0.2,"Rockies",0.316,81,2018,"NL","2018-NL",0.531,0,0,0,0,0,"2018-Rockies",0,0,0,12,11,7,10,8,11,10,12,12,6,8,5,8,7,8,8,4,8
"218",26,"Whit Merrifield","2B",0.307,0.362,9.2,2.8,1.6,91,5,0.127,16.6,0.378,13.8,403,42,30,17,0.434,3,"Royals",0.354,123,2018,"AL","2018-AL",0.284,0,0,0,0,0,"2018-Royals",0,0,0,3,4,3,5,14,2,3,8,1,1,1,1,3,6,1,1,5,1
"219",178,"Alex Gordon","OF",0.242,0.299,7.9,-0.5,2.4,77,6,0.103,21.7,0.319,-6.9,304,26,17,4,0.344,0.6,"Royals",0.294,82,2018,"AL","2018-AL",0.284,0,0,0,0,0,"2018-Royals",0,0,0,29,34,25,37,35,27,34,9,23,4,5,3,6,5,4,5,2,2
"220",254,"Alcides Escobar","SS",0.199,0.223,4.8,1.6,1.9,93,3,0.076,13.8,0.247,-24.2,354,33,21,4,0.275,-1.1,"Royals",0.231,39,2018,"AL","2018-AL",0.284,0,0,0,0,0,"2018-Royals",0,0,0,13,13,13,13,12,13,13,10,9,7,7,7,7,7,7,7,4,3
"221",93,"Mike Moustakas","3B",0.249,0.247,6.7,-2.1,2.1,91,19,0.218,15.4,0.306,-0.1,389,42,58,3,0.466,1.5,"Royals",0.327,104,2018,"AL","2018-AL",0.284,0,0,0,0,0,"2018-Royals",0,0,0,9,10,14,6,3,14,10,8,9,2,3,4,2,1,3,3,3,4
"222",143,"Jorge Soler","OF",0.265,0.34,10.9,-2.6,-3.9,61,9,0.202,26.8,0.354,4.6,257,27,28,3,0.466,0.9,"Royals",0.354,123,2018,"AL","2018-AL",0.284,0,0,0,0,0,"2018-Royals",0,0,0,25,12,9,14,24,15,19,29,29,3,2,2,1,3,2,2,6,5
"223",198,"Salvador Perez","C",0.221,0.235,2.9,-3.1,6.1,73,13,0.173,20.4,0.259,-13.2,309,27,41,1,0.394,0.3,"Royals",0.28,73,2018,"AL","2018-AL",0.284,0,0,0,0,0,"2018-Royals",0,0,0,8,9,10,7,4,7,10,4,2,5,6,6,4,2,6,6,1,6
"224",236,"Lucas Duda","1B",0.234,0.305,6,-1.5,-4.7,56,7,0.157,28.9,0.303,-4.5,218,19,26,0,0.391,-0.2,"Royals",0.303,89,2018,"AL","2018-AL",0.284,0,0,0,0,0,"2018-Royals",0,0,0,11,10,11,9,10,10,10,7,10,6,4,5,5,4,5,4,7,7
"225",87,"Jose Iglesias","SS",0.266,0.29,3.8,0.9,10.1,92,2,0.106,9.9,0.305,-5.7,343,29,34,12,0.372,1.6,"Tigers",0.295,84,2018,"AL","2018-AL",0.418,0,0,0,0,0,"2018-Tigers",0,0,0,10,10,9,10,13,7,10,3,4,4,6,6,7,9,3,6,1,1
"226",150,"JaCoby Jones","OF",0.214,0.284,4.7,1.4,7.1,88,7,0.159,29,0.269,-9.2,321,35,22,8,0.373,0.9,"Tigers",0.278,72,2018,"AL","2018-AL",0.418,0,0,0,0,0,"2018-Tigers",0,0,0,26,37,40,31,32,35,37,2,11,6,7,9,6,6,9,7,3,2
"227",45,"Leonys Martin","OF",0.257,0.308,8.8,1.5,9,71,9,0.174,21.9,0.327,3.9,306,44,29,7,0.431,2.4,"Tigers",0.328,107,2018,"AL","2018-AL",0.418,0,0,0,0,0,"2018-Tigers",0,0,0,10,20,21,20,25,20,20,1,13,1,3,2,4,5,4,3,2,3
"228",149,"Niko Goodrum","2B",0.25,0.327,8.7,2.1,-5.4,78,9,0.206,28.6,0.319,4.8,276,33,32,7,0.456,0.9,"Tigers",0.331,108,2018,"AL","2018-AL",0.418,0,0,0,0,0,"2018-Tigers",0,0,0,12,6,9,4,8,8,6,18,7,5,2,5,2,3,5,2,8,4
"229",232,"Dixon Machado","2B",0.206,0.249,6,1.4,3.9,67,1,0.084,17.6,0.263,-12.7,233,20,21,1,0.29,-0.1,"Tigers",0.244,49,2018,"AL","2018-AL",0.418,0,0,0,0,0,"2018-Tigers",0,0,0,17,18,18,17,18,17,18,4,14,9,10,10,10,10,10,8,5,5
"230",68,"Jeimer Candelario","3B",0.225,0.275,11.3,1.1,3,83,13,0.203,25.7,0.325,3.7,354,44,35,1,0.428,1.9,"Tigers",0.327,106,2018,"AL","2018-AL",0.418,0,0,0,0,0,"2018-Tigers",0,0,0,7,9,9,9,10,18,8,6,13,3,5,3,5,2,8,4,6,6
"231",50,"Nicholas Castellanos","3B",0.305,0.368,6.6,2.1,-12.5,94,15,0.212,22,0.359,20.2,409,54,56,1,0.517,2.2,"Tigers",0.373,137,2018,"AL","2018-AL",0.418,0,0,0,0,0,"2018-Tigers",0,0,0,4,3,4,3,6,2,3,21,18,2,1,1,1,1,1,1,10,7
"232",201,"James McCann","C",0.228,0.273,6,-2.6,6.9,72,6,0.106,21.5,0.278,-13.9,284,20,28,0,0.335,0.2,"Tigers",0.269,67,2018,"AL","2018-AL",0.418,0,0,0,0,0,"2018-Tigers",0,0,0,9,11,8,9,8,6,11,1,4,8,8,8,8,7,7,9,4,8
"233",187,"John Hicks","1B",0.278,0.364,6.4,-2,-4.8,68,9,0.163,28.4,0.323,0.4,264,31,32,0,0.441,0.4,"Tigers",0.329,107,2018,"AL","2018-AL",0.418,0,0,0,0,0,"2018-Tigers",0,0,0,9,6,8,6,7,3,7,8,11,7,4,4,3,4,2,5,7,9
"234",256,"Victor Martinez","DH",0.231,0.243,6.7,-2.6,-8.5,86,4,0.074,9.8,0.282,-19.1,326,16,29,0,0.304,-1.7,"Tigers",0.256,58,2018,"AL","2018-AL",0.418,0,0,0,0,0,"2018-Tigers",0,0,0,11,11,11,11,11,10,11,8,10,10,9,7,9,8,6,10,9,10
"235",15,"Eddie Rosario","OF",0.311,0.344,6,5,-2.5,93,19,0.226,18,0.353,22.7,401,64,60,6,0.537,3.4,"Twins",0.375,137,2018,"AL","2018-AL",0.468,0,0,0,0,0,"2018-Twins",0,0,0,5,6,10,4,7,2,4,20,15,1,1,2,1,1,1,1,5,1
"236",125,"Brian Dozier","2B",0.23,0.251,10.4,-0.5,-1,93,16,0.194,19.6,0.314,-1.2,414,60,48,5,0.423,1.2,"Twins",0.319,99,2018,"AL","2018-AL",0.468,0,0,0,0,0,"2018-Twins",0,0,0,10,11,11,8,2,13,10,13,10,4,4,7,3,2,6,5,3,2
"237",167,"Ehire Adrianza","3B",0.262,0.333,7.4,0.6,0.6,67,4,0.144,23.6,0.319,-1.1,216,25,19,4,0.405,0.7,"Twins",0.311,93,2018,"AL","2018-AL",0.468,0,0,0,0,0,"2018-Twins",0,0,0,13,14,11,15,19,8,11,9,7,5,7,5,5,6,4,4,2,3
"238",92,"Max Kepler","OF",0.227,0.243,11.7,1,3.9,92,11,0.18,15.6,0.317,-1.2,366,45,36,3,0.407,1.5,"Twins",0.314,95,2018,"AL","2018-AL",0.468,0,0,0,0,0,"2018-Twins",0,0,0,15,26,26,26,21,31,26,5,25,3,5,6,4,4,7,6,1,4
"239",61,"Eduardo Escobar","3B",0.271,0.321,7.2,-0.2,-1.3,90,14,0.236,22.9,0.327,8.4,376,41,57,1,0.507,2,"Twins",0.349,119,2018,"AL","2018-AL",0.468,0,0,0,0,0,"2018-Twins",0,0,0,6,5,8,4,7,7,4,14,14,2,2,4,2,3,3,2,4,5
"240",242,"Logan Morrison","1B",0.193,0.212,10,0.2,-6.8,80,11,0.174,21.7,0.287,-7.7,300,34,31,1,0.367,-0.5,"Twins",0.289,78,2018,"AL","2018-AL",0.468,0,0,0,0,0,"2018-Twins",0,0,0,12,12,12,10,6,12,11,11,6,8,8,8,7,5,8,8,8,6
"241",174,"Joe Mauer","1B",0.273,0.306,12.1,0.1,-3.8,65,3,0.091,12.5,0.364,0.5,281,32,29,0,0.364,0.6,"Twins",0.323,101,2018,"AL","2018-AL",0.468,0,0,0,0,0,"2018-Twins",0,0,0,8,8,2,11,13,4,6,6,9,6,3,1,8,8,2,3,6,7
"242",226,"Robbie Grossman","DH",0.256,0.318,11,-2.6,-4.7,78,4,0.118,21.3,0.336,-4.4,272,28,29,0,0.374,0,"Twins",0.313,94,2018,"AL","2018-AL",0.468,0,0,0,0,0,"2018-Twins",0,0,0,9,10,3,10,10,4,10,1,7,7,6,3,6,7,5,7,7,8
"243",75,"Tim Anderson","SS",0.246,0.296,6.4,2.6,4.3,92,13,0.168,24.3,0.302,0.6,362,51,39,21,0.414,1.7,"White Sox",0.309,95,2018,"AL","2018-AL",0.347,0,0,0,0,0,"2018-White Sox",0,0,0,9,8,10,8,6,11,8,8,1,1,5,5,5,3,3,3,1,1
"244",233,"Adam Engel","OF",0.218,0.294,4.7,2.7,0.6,85,2,0.085,25.5,0.272,-10.8,274,31,18,10,0.302,-0.1,"White Sox",0.256,59,2018,"AL","2018-AL",0.347,0,0,0,0,0,"2018-White Sox",0,0,0,38,39,39,40,37,32,39,14,9,7,7,7,7,7,7,7,3,2
"245",103,"Yolmer Sanchez","3B",0.256,0.307,5.8,0.8,3.1,91,5,0.148,19.1,0.306,-2.2,382,33,42,9,0.403,1.4,"White Sox",0.306,93,2018,"AL","2018-AL",0.347,0,0,0,0,0,"2018-White Sox",0,0,0,10,13,15,16,16,9,12,4,2,3,6,4,6,6,1,6,2,3
"246",89,"Yoan Moncada","2B",0.238,0.345,9.4,2.3,-0.9,87,12,0.189,33.9,0.312,3.3,383,47,41,9,0.427,1.6,"White Sox",0.319,102,2018,"AL","2018-AL",0.347,0,0,0,0,0,"2018-White Sox",0,0,0,5,8,12,7,4,12,7,12,3,2,2,2,4,5,4,1,4,4
"247",222,"Daniel Palka","OF",0.234,0.307,6,-0.4,-6.2,65,12,0.234,34.1,0.28,-0.7,232,30,32,2,0.468,0.1,"White Sox",0.315,99,2018,"AL","2018-AL",0.347,0,0,0,0,0,"2018-White Sox",0,0,0,36,25,36,13,17,28,25,35,32,6,4,6,1,4,5,5,6,5
"248",207,"Jose Abreu","DH",0.253,0.282,6.3,-1.1,-10.6,93,13,0.187,18.5,0.311,-0.7,399,44,52,1,0.441,0.2,"White Sox",0.317,101,2018,"AL","2018-AL",0.347,0,0,0,0,0,"2018-White Sox",0,0,0,7,7,7,7,7,5,6,11,6,5,3,3,2,2,2,4,7,6
"249",154,"Matt Davidson","3B",0.221,0.314,12.9,-1.3,-5.1,75,14,0.217,36,0.33,3.1,303,33,38,0,0.438,0.8,"White Sox",0.334,112,2018,"AL","2018-AL",0.347,0,0,0,0,0,"2018-White Sox",0,0,0,12,8,7,7,8,19,9,17,21,4,1,1,3,1,6,2,5,7
"250",31,"Didi Gregorius","SS",0.263,0.259,8.7,1.5,6.7,90,17,0.211,12.9,0.326,7.2,389,58,52,10,0.474,2.8,"Yankees",0.338,112,2018,"AL","2018-AL",0.653,1,1,0,0,0,"2018-Yankees",0,0,0,6,7,7,5,3,8,7,5,6,2,6,6,6,3,5,6,1,1
"251",47,"Brett Gardner","OF",0.254,0.278,11.7,5.3,1.5,81,9,0.149,14.9,0.345,7.8,368,55,33,9,0.403,2.2,"Yankees",0.328,106,2018,"AL","2018-AL",0.653,1,1,0,0,0,"2018-Yankees",0,0,0,11,21,14,28,28,21,13,11,10,5,7,5,8,8,6,5,4,2
"252",35,"Aaron Hicks","OF",0.249,0.262,12.9,4.3,1.3,76,16,0.242,19.5,0.348,14.3,318,46,44,8,0.491,2.7,"Yankees",0.358,126,2018,"AL","2018-AL",0.653,1,1,0,0,0,"2018-Yankees",0,0,0,7,9,11,11,11,23,9,12,12,3,4,3,4,4,7,3,5,3
"253",5,"Aaron Judge","OF",0.276,0.365,15.6,1.2,1.9,93,25,0.268,31.2,0.392,27.8,423,66,60,6,0.544,4.5,"Yankees",0.397,153,2018,"AL","2018-AL",0.653,1,1,0,0,0,"2018-Yankees",0,0,0,3,3,4,3,2,11,3,10,14,1,1,1,2,1,4,1,3,4
"254",36,"Giancarlo Stanton","OF",0.278,0.36,8.4,-0.1,-3.1,94,23,0.24,31.3,0.346,15.3,416,58,55,3,0.518,2.7,"Yankees",0.365,131,2018,"AL","2018-AL",0.653,1,1,0,0,0,"2018-Yankees",0,0,0,8,8,13,5,4,10,8,24,28,4,3,4,3,2,3,2,7,5
"255",88,"Gleyber Torres","2B",0.294,0.34,7.1,-0.7,-4,63,15,0.261,25.3,0.35,11.1,241,30,42,2,0.555,1.6,"Yankees",0.38,141,2018,"AL","2018-AL",0.653,1,1,0,0,0,"2018-Yankees",0,0,0,6,2,6,1,3,3,4,17,13,6,2,2,1,5,1,4,8,6
"256",144,"Miguel Andujar","3B",0.279,0.308,4.7,0.8,-8.7,84,12,0.21,17.4,0.316,6.6,339,42,39,1,0.489,0.9,"Yankees",0.341,114,2018,"AL","2018-AL",0.653,1,1,0,0,0,"2018-Yankees",0,0,0,11,7,12,5,11,6,6,20,17,8,5,7,5,7,2,7,9,7
"257",128,"Gary Sanchez","C",0.19,0.194,11.7,-0.3,4.5,63,14,0.242,23.8,0.291,-1.9,265,36,41,0,0.433,1.2,"Yankees",0.312,95,2018,"AL","2018-AL",0.653,1,1,0,0,0,"2018-Yankees",0,0,0,3,5,7,4,3,10,2,7,9,7,8,8,7,6,9,8,2,8
"258",247,"Neil Walker","2B",0.197,0.248,9.7,0.6,-2.4,61,3,0.088,23.1,0.278,-11.2,216,27,19,0,0.285,-0.7,"Yankees",0.253,54,2018,"AL","2018-AL",0.653,1,1,0,0,0,"2018-Yankees",0,0,0,18,17,16,18,16,18,16,15,18,9,9,9,9,9,8,9,6,9
